NAME,LSAD,ALAND,AWATER,individualCount,decimalLatitude,decimalLongitude,month,year,population,temperature,precipitation,Alameda,Fresno,Imperial,Kern,Los Angeles,Orange,Riverside,San Bernardino,San Diego,Tulare,Ventura
Kern,06,21062456129,78764641,1.0,35.37315,-119.018713,10.0,2020,905241.0,71.6,0.0,0,0,0,1,0,0,0,0,0,0,0
Ventura,06,4771968316,947365005,1.0,34.277651,-118.743227,9.0,2021,838630.0,68.4,0.0,0,0,0,0,0,0,0,0,0,0,1
Alameda,06,1909598013,216923745,1.0,37.776419,-122.276015,10.0,1983,1160500.0,64.3,0.1,1,0,0,0,0,0,0,0,0,0,0
Alameda,06,1909598013,216923745,1.0,37.77769,-122.277342,10.0,1983,1160500.0,64.3,0.1,1,0,0,0,0,0,0,0,0,0,0
Los Angeles,06,10510671776,1794675167,1.0,33.778263,-118.149964,10.0,2021,9905214.0,65.7,0.46,0,0,0,0,1,0,0,0,0,0,0
Los Angeles,06,10510671776,1794675167,1.0,33.805012,-118.117686,10.0,2020,10013543.0,69.6,0.0,0,0,0,0,1,0,0,0,0,0,0
Los Angeles,06,10510671776,1794675167,1.0,33.805012,-118.117686,7.0,2021,9905214.0,68.8,0.12,0,0,0,0,1,0,0,0,0,0,0
Los Angeles,06,10510671776,1794675167,1.0,33.829962,-118.099333,9.0,2021,9905214.0,68.4,0.0,0,0,0,0,1,0,0,0,0,0,0
Los Angeles,06,10510671776,1794675167,1.0,33.72243,-118.306003,10.0,2020,10013543.0,69.6,0.0,0,0,0,0,1,0,0,0,0,0,0
Los Angeles,06,10510671776,1794675167,1.0,33.809918,-118.156955,10.0,2022,9792167.0,68.5,0.24,0,0,0,0,1,0,0,0,0,0,0
Los Angeles,06,10510671776,1794675167,1.0,33.877477,-118.28747,10.0,2020,10013543.0,69.6,0.0,0,0,0,0,1,0,0,0,0,0,0
Los Angeles,06,10510671776,1794675167,1.0,34.017535,-118.288519,7.0,2022,9792167.0,69.6,0.0,0,0,0,0,1,0,0,0,0,0,0
Los Angeles,06,10510671776,1794675167,1.0,34.018495,-118.296276,7.0,2022,9792167.0,69.6,0.0,0,0,0,0,1,0,0,0,0,0,0
Los Angeles,06,10510671776,1794675167,1.0,34.018504,-118.296275,7.0,2022,9792167.0,69.6,0.0,0,0,0,0,1,0,0,0,0,0,0
Los Angeles,06,10510671776,1794675167,1.0,34.018506,-118.296303,7.0,2020,10013543.0,67.7,0.0,0,0,0,0,1,0,0,0,0,0,0
Los Angeles,06,10510671776,1794675167,1.0,34.018535,-118.296274,2.0,2022,9792167.0,59.9,0.04,0,0,0,0,1,0,0,0,0,0,0
Los Angeles,06,10510671776,1794675167,1.0,34.020442,-118.231573,10.0,2020,10013543.0,69.6,0.0,0,0,0,0,1,0,0,0,0,0,0
Los Angeles,06,10510671776,1794675167,1.0,34.024523,-118.426065,11.0,2021,9905214.0,63.7,0.0,0,0,0,0,1,0,0,0,0,0,0
Los Angeles,06,10510671776,1794675167,1.0,33.866824,-118.068639,11.0,2022,9792167.0,60.1,1.77,0,0,0,0,1,0,0,0,0,0,0
Los Angeles,06,10510671776,1794675167,1.0,33.88585,-118.095536,12.0,2021,9905214.0,55.3,8.24,0,0,0,0,1,0,0,0,0,0,0
Los Angeles,06,10510671776,1794675167,1.0,33.908769,-118.018149,4.0,2020,10013543.0,62.9,2.68,0,0,0,0,1,0,0,0,0,0,0
Los Angeles,06,10510671776,1794675167,1.0,33.934005,-118.148475,7.0,2020,10013543.0,67.7,0.0,0,0,0,0,1,0,0,0,0,0,0
Los Angeles,06,10510671776,1794675167,1.0,33.94143,-118.15029,9.0,2021,9905214.0,68.4,0.0,0,0,0,0,1,0,0,0,0,0,0
Los Angeles,06,10510671776,1794675167,1.0,33.975046,-118.027343,12.0,2016,10099858.0,57.9,2.79,0,0,0,0,1,0,0,0,0,0,0
Los Angeles,06,10510671776,1794675167,1.0,33.985704,-117.971481,8.0,2021,9905214.0,69.7,0.02,0,0,0,0,1,0,0,0,0,0,0
Los Angeles,06,10510671776,1794675167,1.0,34.014772,-118.115954,7.0,2021,9905214.0,68.8,0.12,0,0,0,0,1,0,0,0,0,0,0
Los Angeles,06,10510671776,1794675167,1.0,34.02464,-118.153749,10.0,2021,9905214.0,65.7,0.46,0,0,0,0,1,0,0,0,0,0,0
Los Angeles,06,10510671776,1794675167,1.0,34.024648,-118.153355,8.0,2021,9905214.0,69.7,0.02,0,0,0,0,1,0,0,0,0,0,0
Los Angeles,06,10510671776,1794675167,1.0,34.029876,-118.170605,11.0,2020,10013543.0,60.3,0.1,0,0,0,0,1,0,0,0,0,0,0
Los Angeles,06,10510671776,1794675167,1.0,34.031082,-118.167634,8.0,2019,10063851.0,69.8,0.0,0,0,0,0,1,0,0,0,0,0,0
Los Angeles,06,10510671776,1794675167,1.0,34.031963,-118.381386,5.0,2021,9905214.0,62.3,0.0,0,0,0,0,1,0,0,0,0,0,0
Los Angeles,06,10510671776,1794675167,1.0,34.039779,-118.460853,8.0,2021,9905214.0,69.7,0.02,0,0,0,0,1,0,0,0,0,0,0
Los Angeles,06,10510671776,1794675167,1.0,34.0416,-118.45068,5.0,2022,9792167.0,63.7,0.0,0,0,0,0,1,0,0,0,0,0,0
Los Angeles,06,10510671776,1794675167,1.0,34.042561,-118.44503,11.0,2021,9905214.0,63.7,0.0,0,0,0,0,1,0,0,0,0,0,0
Los Angeles,06,10510671776,1794675167,1.0,34.043871,-118.298678,7.0,2020,10013543.0,67.7,0.0,0,0,0,0,1,0,0,0,0,0,0
Los Angeles,06,10510671776,1794675167,1.0,34.044292,-118.370262,10.0,2019,10063851.0,69.4,0.0,0,0,0,0,1,0,0,0,0,0,0
Los Angeles,06,10510671776,1794675167,1.0,34.055127,-118.27225,9.0,2022,9792167.0,76.0,0.13,0,0,0,0,1,0,0,0,0,0,0
Los Angeles,06,10510671776,1794675167,1.0,34.069344,-118.441612,9.0,2022,9792167.0,76.0,0.13,0,0,0,0,1,0,0,0,0,0,0
Los Angeles,06,10510671776,1794675167,1.0,34.024648,-118.153371,9.0,2021,9905214.0,68.4,0.0,0,0,0,0,1,0,0,0,0,0,0
Los Angeles,06,10510671776,1794675167,1.0,34.024671,-118.153334,9.0,2021,9905214.0,68.4,0.0,0,0,0,0,1,0,0,0,0,0,0
Los Angeles,06,10510671776,1794675167,1.0,34.02473,-118.153638,7.0,2020,10013543.0,67.7,0.0,0,0,0,0,1,0,0,0,0,0,0
Los Angeles,06,10510671776,1794675167,1.0,34.024786,-118.15361,12.0,2020,10013543.0,58.6,1.65,0,0,0,0,1,0,0,0,0,0,0
Los Angeles,06,10510671776,1794675167,1.0,34.036285,-117.76743,11.0,2021,9905214.0,63.7,0.0,0,0,0,0,1,0,0,0,0,0,0
Los Angeles,06,10510671776,1794675167,1.0,34.044593,-117.921694,4.0,2022,9792167.0,63.1,0.23,0,0,0,0,1,0,0,0,0,0,0
Los Angeles,06,10510671776,1794675167,1.0,34.057833,-117.82525,10.0,2022,9792167.0,68.5,0.24,0,0,0,0,1,0,0,0,0,0,0
Los Angeles,06,10510671776,1794675167,1.0,34.064444,-118.126944,9.0,2016,10099858.0,70.8,0.01,0,0,0,0,1,0,0,0,0,0,0
Los Angeles,06,10510671776,1794675167,1.0,34.077958,-118.137389,12.0,2019,10063851.0,58.1,4.42,0,0,0,0,1,0,0,0,0,0,0
Los Angeles,06,10510671776,1794675167,1.0,34.071044,-118.404158,4.0,2022,9792167.0,63.1,0.23,0,0,0,0,1,0,0,0,0,0,0
Los Angeles,06,10510671776,1794675167,1.0,34.078047,-118.234338,11.0,2020,10013543.0,60.3,0.1,0,0,0,0,1,0,0,0,0,0,0
Los Angeles,06,10510671776,1794675167,1.0,34.084634,-118.392577,11.0,2020,10013543.0,60.3,0.1,0,0,0,0,1,0,0,0,0,0,0
Los Angeles,06,10510671776,1794675167,1.0,34.096093,-118.4175,8.0,2021,9905214.0,69.7,0.02,0,0,0,0,1,0,0,0,0,0,0
Los Angeles,06,10510671776,1794675167,1.0,34.105258,-118.374878,10.0,2022,9792167.0,68.5,0.24,0,0,0,0,1,0,0,0,0,0,0
Los Angeles,06,10510671776,1794675167,1.0,34.107876,-118.436002,10.0,2021,9905214.0,65.7,0.46,0,0,0,0,1,0,0,0,0,0,0
Los Angeles,06,10510671776,1794675167,1.0,34.107914,-118.43593,10.0,2022,9792167.0,68.5,0.24,0,0,0,0,1,0,0,0,0,0,0
Los Angeles,06,10510671776,1794675167,1.0,34.119661,-118.252109,7.0,2021,9905214.0,68.8,0.12,0,0,0,0,1,0,0,0,0,0,0
Los Angeles,06,10510671776,1794675167,1.0,34.123631,-118.180728,9.0,2020,10013543.0,70.8,0.0,0,0,0,0,1,0,0,0,0,0,0
Los Angeles,06,10510671776,1794675167,1.0,34.125545,-118.259981,10.0,2020,10013543.0,69.6,0.0,0,0,0,0,1,0,0,0,0,0,0
Los Angeles,06,10510671776,1794675167,1.0,34.086598,-118.054738,5.0,2021,9905214.0,62.3,0.0,0,0,0,0,1,0,0,0,0,0,0
Los Angeles,06,10510671776,1794675167,1.0,34.095335,-118.132744,6.0,2020,10013543.0,67.4,0.0,0,0,0,0,1,0,0,0,0,0,0
Los Angeles,06,10510671776,1794675167,1.0,34.107106,-118.051086,11.0,2021,9905214.0,63.7,0.0,0,0,0,0,1,0,0,0,0,0,0
Los Angeles,06,10510671776,1794675167,1.0,34.110283,-118.074547,6.0,2020,10013543.0,67.4,0.0,0,0,0,0,1,0,0,0,0,0,0
Los Angeles,06,10510671776,1794675167,1.0,34.111672,-118.156097,8.0,2020,10013543.0,71.5,0.0,0,0,0,0,1,0,0,0,0,0,0
Los Angeles,06,10510671776,1794675167,1.0,34.111717,-118.15583,11.0,2019,10063851.0,62.9,1.44,0,0,0,0,1,0,0,0,0,0,0
Los Angeles,06,10510671776,1794675167,1.0,34.144342,-118.116106,10.0,2019,10063851.0,69.4,0.0,0,0,0,0,1,0,0,0,0,0,0
Los Angeles,06,10510671776,1794675167,1.0,34.126101,-118.219095,8.0,2021,9905214.0,69.7,0.02,0,0,0,0,1,0,0,0,0,0,0
Los Angeles,06,10510671776,1794675167,1.0,34.126167,-118.212617,7.0,2017,10114636.0,71.0,0.0,0,0,0,0,1,0,0,0,0,0,0
Los Angeles,06,10510671776,1794675167,1.0,34.133635,-118.519345,8.0,2020,10013543.0,71.5,0.0,0,0,0,0,1,0,0,0,0,0,0
Los Angeles,06,10510671776,1794675167,1.0,34.139183,-118.200287,9.0,2021,9905214.0,68.4,0.0,0,0,0,0,1,0,0,0,0,0,0
Los Angeles,06,10510671776,1794675167,1.0,34.141103,-118.424737,8.0,2020,10013543.0,71.5,0.0,0,0,0,0,1,0,0,0,0,0,0
Los Angeles,06,10510671776,1794675167,1.0,34.142732,-118.486513,9.0,2022,9792167.0,76.0,0.13,0,0,0,0,1,0,0,0,0,0,0
Los Angeles,06,10510671776,1794675167,1.0,34.144531,-118.383359,9.0,2020,10013543.0,70.8,0.0,0,0,0,0,1,0,0,0,0,0,0
Los Angeles,06,10510671776,1794675167,1.0,34.1512,-118.553564,11.0,2018,10100671.0,64.3,2.09,0,0,0,0,1,0,0,0,0,0,0
Los Angeles,06,10510671776,1794675167,1.0,34.15768,-118.299327,9.0,2021,9905214.0,68.4,0.0,0,0,0,0,1,0,0,0,0,0,0
Los Angeles,06,10510671776,1794675167,1.0,34.158601,-118.28323,8.0,2022,9792167.0,72.2,0.0,0,0,0,0,1,0,0,0,0,0,0
Los Angeles,06,10510671776,1794675167,1.0,34.163883,-118.292,9.0,2020,10013543.0,70.8,0.0,0,0,0,0,1,0,0,0,0,0,0
Los Angeles,06,10510671776,1794675167,1.0,34.169685,-118.348221,9.0,2019,10063851.0,72.7,0.0,0,0,0,0,1,0,0,0,0,0,0
Los Angeles,06,10510671776,1794675167,1.0,34.179047,-118.297437,10.0,2020,10013543.0,69.6,0.0,0,0,0,0,1,0,0,0,0,0,0
Los Angeles,06,10510671776,1794675167,1.0,34.190605,-118.200407,10.0,2021,9905214.0,65.7,0.46,0,0,0,0,1,0,0,0,0,0,0
Los Angeles,06,10510671776,1794675167,1.0,34.197203,-118.207225,10.0,2020,10013543.0,69.6,0.0,0,0,0,0,1,0,0,0,0,0,0
Los Angeles,06,10510671776,1794675167,1.0,34.221467,-118.608812,9.0,2022,9792167.0,76.0,0.13,0,0,0,0,1,0,0,0,0,0,0
Los Angeles,06,10510671776,1794675167,1.0,34.230808,-118.23548,6.0,2020,10013543.0,67.4,0.0,0,0,0,0,1,0,0,0,0,0,0
Los Angeles,06,10510671776,1794675167,1.0,34.233341,-118.232467,8.0,2020,10013543.0,71.5,0.0,0,0,0,0,1,0,0,0,0,0,0
Los Angeles,06,10510671776,1794675167,1.0,34.248649,-118.55058,6.0,2021,9905214.0,65.6,0.0,0,0,0,0,1,0,0,0,0,0,0
Los Angeles,06,10510671776,1794675167,1.0,34.248914,-118.376117,7.0,2020,10013543.0,67.7,0.0,0,0,0,0,1,0,0,0,0,0,0
Los Angeles,06,10510671776,1794675167,1.0,34.252003,-118.262179,7.0,2020,10013543.0,67.7,0.0,0,0,0,0,1,0,0,0,0,0,0
Los Angeles,06,10510671776,1794675167,1.0,34.26526,-118.357121,8.0,2020,10013543.0,71.5,0.0,0,0,0,0,1,0,0,0,0,0,0
Los Angeles,06,10510671776,1794675167,1.0,34.291568,-118.563039,10.0,2021,9905214.0,65.7,0.46,0,0,0,0,1,0,0,0,0,0,0
Los Angeles,06,10510671776,1794675167,1.0,34.378147,-118.467103,10.0,2021,9905214.0,65.7,0.46,0,0,0,0,1,0,0,0,0,0,0
Los Angeles,06,10510671776,1794675167,1.0,34.393082,-118.561988,10.0,2021,9905214.0,65.7,0.46,0,0,0,0,1,0,0,0,0,0,0
Los Angeles,06,10510671776,1794675167,1.0,34.407166,-118.542187,2.0,2022,9792167.0,59.9,0.04,0,0,0,0,1,0,0,0,0,0,0
Los Angeles,06,10510671776,1794675167,1.0,34.414867,-118.569472,10.0,2022,9792167.0,68.5,0.24,0,0,0,0,1,0,0,0,0,0,0
Fresno,06,15431404077,137345152,1.0,36.611457,-119.843084,7.0,2021,1010453.0,88.7,0.0,0,1,0,0,0,0,0,0,0,0,0
Fresno,06,15431404077,137345152,1.0,36.627104,-119.844978,4.0,2022,1012350.0,64.4,0.3,0,1,0,0,0,0,0,0,0,0,0
Fresno,06,15431404077,137345152,1.0,36.647909,-119.959978,8.0,2020,1007344.0,86.2,0.0,0,1,0,0,0,0,0,0,0,0,0
Fresno,06,15431404077,137345152,1.0,36.648762,-119.749999,7.0,2021,1010453.0,88.7,0.0,0,1,0,0,0,0,0,0,0,0,0
Fresno,06,15431404077,137345152,1.0,36.694438,-119.952829,8.0,2020,1007344.0,86.2,0.0,0,1,0,0,0,0,0,0,0,0,0
Fresno,06,15431404077,137345152,1.0,36.727758,-119.835465,10.0,2022,1012350.0,71.0,0.0,0,1,0,0,0,0,0,0,0,0,0
Fresno,06,15431404077,137345152,1.0,36.752272,-119.997076,8.0,2020,1007344.0,86.2,0.0,0,1,0,0,0,0,0,0,0,0,0
Tulare,06,12495083015,37014644,1.0,36.094097,-119.056297,5.0,2020,472597.0,73.4,0.12,0,0,0,0,0,0,0,0,0,1,0
San Diego,06,10900649391,820695499,1.0,32.611873,-117.088348,7.0,2020,3301513.0,71.2,0.0,0,0,0,0,0,0,0,0,1,0,0
San Diego,06,10900649391,820695499,1.0,32.613097,-117.064362,7.0,2017,3276113.0,73.0,0.0,0,0,0,0,0,0,0,0,1,0,0
San Diego,06,10900649391,820695499,1.0,32.626232,-117.08305,8.0,2021,3284368.0,73.5,0.23,0,0,0,0,0,0,0,0,1,0,0
San Diego,06,10900649391,820695499,1.0,32.626575,-116.977563,9.0,2021,3284368.0,72.6,0.5,0,0,0,0,0,0,0,0,1,0,0
San Diego,06,10900649391,820695499,1.0,32.631192,-117.036614,11.0,2020,3301513.0,62.6,0.26,0,0,0,0,0,0,0,0,1,0,0
San Diego,06,10900649391,820695499,1.0,32.646405,-117.074961,9.0,2020,3301513.0,74.4,0.0,0,0,0,0,0,0,0,0,1,0,0
San Diego,06,10900649391,820695499,1.0,32.663763,-117.019653,5.0,2020,3301513.0,66.8,0.02,0,0,0,0,0,0,0,0,1,0,0
San Diego,06,10900649391,820695499,1.0,32.677822,-117.08242,6.0,2020,3301513.0,68.4,0.14,0,0,0,0,0,0,0,0,1,0,0
San Diego,06,10900649391,820695499,1.0,32.715738,-117.161084,10.0,2020,3301513.0,71.7,0.12,0,0,0,0,0,0,0,0,1,0,0
San Diego,06,10900649391,820695499,1.0,32.717503,-117.144508,10.0,2022,3279493.0,69.8,0.09,0,0,0,0,0,0,0,0,1,0,0
San Diego,06,10900649391,820695499,1.0,32.726354,-117.132739,12.0,2018,3293350.0,59.0,3.02,0,0,0,0,0,0,0,0,1,0,0
San Diego,06,10900649391,820695499,1.0,32.73287,-117.24903,8.0,2020,3301513.0,73.7,0.0,0,0,0,0,0,0,0,0,1,0,0
San Diego,06,10900649391,820695499,1.0,32.735869,-117.106133,12.0,2021,3284368.0,57.6,2.58,0,0,0,0,0,0,0,0,1,0,0
San Diego,06,10900649391,820695499,1.0,32.735869,-117.106119,10.0,2022,3279493.0,69.8,0.09,0,0,0,0,0,0,0,0,1,0,0
San Diego,06,10900649391,820695499,1.0,32.735878,-117.106106,6.0,2022,3279493.0,67.9,0.0,0,0,0,0,0,0,0,0,1,0,0
San Diego,06,10900649391,820695499,1.0,32.735891,-117.106088,11.0,2021,3284368.0,64.7,0.0,0,0,0,0,0,0,0,0,1,0,0
San Diego,06,10900649391,820695499,1.0,32.735891,-117.106107,10.0,2021,3284368.0,66.8,1.01,0,0,0,0,0,0,0,0,1,0,0
San Diego,06,10900649391,820695499,1.0,32.736655,-117.253205,10.0,2019,3294272.0,69.1,0.0,0,0,0,0,0,0,0,0,1,0,0
San Diego,06,10900649391,820695499,1.0,32.736687,-117.25318,10.0,2021,3284368.0,66.8,1.01,0,0,0,0,0,0,0,0,1,0,0
San Diego,06,10900649391,820695499,1.0,32.743957,-117.237926,11.0,2022,3279493.0,60.4,1.07,0,0,0,0,0,0,0,0,1,0,0
San Diego,06,10900649391,820695499,1.0,32.746439,-117.148256,10.0,2021,3284368.0,66.8,1.01,0,0,0,0,0,0,0,0,1,0,0
San Diego,06,10900649391,820695499,1.0,32.746989,-117.119207,6.0,2016,3263517.0,68.9,0.0,0,0,0,0,0,0,0,0,1,0,0
San Diego,06,10900649391,820695499,1.0,32.751665,-117.059656,11.0,2017,3276113.0,65.1,0.02,0,0,0,0,0,0,0,0,1,0,0
San Diego,06,10900649391,820695499,1.0,32.753204,-117.156422,7.0,2020,3301513.0,71.2,0.0,0,0,0,0,0,0,0,0,1,0,0
San Diego,06,10900649391,820695499,1.0,32.756924,-117.02652,11.0,2018,3293350.0,65.6,0.81,0,0,0,0,0,0,0,0,1,0,0
San Diego,06,10900649391,820695499,1.0,32.757812,-117.053177,10.0,2021,3284368.0,66.8,1.01,0,0,0,0,0,0,0,0,1,0,0
San Diego,06,10900649391,820695499,1.0,32.757817,-117.053176,10.0,2021,3284368.0,66.8,1.01,0,0,0,0,0,0,0,0,1,0,0
San Diego,06,10900649391,820695499,1.0,32.76315,-117.092011,10.0,2021,3284368.0,66.8,1.01,0,0,0,0,0,0,0,0,1,0,0
San Diego,06,10900649391,820695499,1.0,32.768213,-117.113922,10.0,2021,3284368.0,66.8,1.01,0,0,0,0,0,0,0,0,1,0,0
San Diego,06,10900649391,820695499,1.0,32.768238,-117.11393,11.0,2020,3301513.0,62.6,0.26,0,0,0,0,0,0,0,0,1,0,0
San Diego,06,10900649391,820695499,1.0,32.768452,-117.083723,9.0,2020,3301513.0,74.4,0.0,0,0,0,0,0,0,0,0,1,0,0
San Diego,06,10900649391,820695499,1.0,32.77233,-116.919442,11.0,2020,3301513.0,62.6,0.26,0,0,0,0,0,0,0,0,1,0,0
San Diego,06,10900649391,820695499,1.0,32.772652,-117.069425,10.0,2020,3301513.0,71.7,0.12,0,0,0,0,0,0,0,0,1,0,0
San Diego,06,10900649391,820695499,1.0,32.801728,-117.236503,10.0,2021,3284368.0,66.8,1.01,0,0,0,0,0,0,0,0,1,0,0
San Diego,06,10900649391,820695499,1.0,32.810151,-117.196767,11.0,2020,3301513.0,62.6,0.26,0,0,0,0,0,0,0,0,1,0,0
San Diego,06,10900649391,820695499,1.0,32.816481,-117.172415,11.0,2022,3279493.0,60.4,1.07,0,0,0,0,0,0,0,0,1,0,0
San Diego,06,10900649391,820695499,1.0,32.816559,-117.056733,9.0,2020,3301513.0,74.4,0.0,0,0,0,0,0,0,0,0,1,0,0
San Diego,06,10900649391,820695499,1.0,32.826178,-116.996236,10.0,2022,3279493.0,69.8,0.09,0,0,0,0,0,0,0,0,1,0,0
San Diego,06,10900649391,820695499,1.0,32.906484,-117.112528,8.0,2022,3279493.0,75.1,0.0,0,0,0,0,0,0,0,0,1,0,0
San Diego,06,10900649391,820695499,1.0,32.934431,-117.061278,11.0,2022,3279493.0,60.4,1.07,0,0,0,0,0,0,0,0,1,0,0
San Diego,06,10900649391,820695499,1.0,33.015536,-117.05368,8.0,2021,3284368.0,73.5,0.23,0,0,0,0,0,0,0,0,1,0,0
San Diego,06,10900649391,820695499,1.0,33.015561,-116.803149,11.0,2022,3279493.0,60.4,1.07,0,0,0,0,0,0,0,0,1,0,0
San Diego,06,10900649391,820695499,1.0,33.389725,-117.218812,8.0,2021,3284368.0,73.5,0.23,0,0,0,0,0,0,0,0,1,0,0
Riverside,06,18664901451,250194697,1.0,33.6709,-117.291,9.0,2017,2361995.0,70.8,0.08,0,0,0,0,0,0,1,0,0,0,0
Riverside,06,18664901451,250194697,1.0,33.695587,-116.264595,6.0,2022,2437925.0,68.0,0.01,0,0,0,0,0,0,1,0,0,0,0
Riverside,06,18664901451,250194697,1.0,33.759003,-116.436889,10.0,2021,2431238.0,65.7,0.46,0,0,0,0,0,0,1,0,0,0,0
Riverside,06,18664901451,250194697,1.0,33.82991,-117.317328,8.0,2021,2431238.0,69.7,0.02,0,0,0,0,0,0,1,0,0,0,0
Riverside,06,18664901451,250194697,1.0,33.8885,-117.329,10.0,2015,2313162.0,73.7,0.1,0,0,0,0,0,0,1,0,0,0,0
Riverside,06,18664901451,250194697,6.0,33.9588,-117.397,10.0,2018,2383773.0,68.0,0.58,0,0,0,0,0,0,1,0,0,0,0
Riverside,06,18664901451,250194697,11.0,33.9635,-117.386,10.0,2018,2383773.0,68.0,0.58,0,0,0,0,0,0,1,0,0,0,0
Riverside,06,18664901451,250194697,2.0,33.9635,-117.386,10.0,2018,2383773.0,68.0,0.58,0,0,0,0,0,0,1,0,0,0,0
Riverside,06,18664901451,250194697,1.0,33.9635,-117.386,10.0,2018,2383773.0,68.0,0.58,0,0,0,0,0,0,1,0,0,0,0
Riverside,06,18664901451,250194697,4.0,33.9635,-117.386,10.0,2018,2383773.0,68.0,0.58,0,0,0,0,0,0,1,0,0,0,0
Riverside,06,18664901451,250194697,1.0,33.9666,-117.387,8.0,2018,2383773.0,74.1,0.0,0,0,0,0,0,0,1,0,0,0,0
Riverside,06,18664901451,250194697,5.0,33.9666,-117.387,10.0,2018,2383773.0,68.0,0.58,0,0,0,0,0,0,1,0,0,0,0
Riverside,06,18664901451,250194697,5.0,33.9666,-117.387,10.0,2018,2383773.0,68.0,0.58,0,0,0,0,0,0,1,0,0,0,0
Riverside,06,18664901451,250194697,1.0,33.9666,-117.387,10.0,2018,2383773.0,68.0,0.58,0,0,0,0,0,0,1,0,0,0,0
Riverside,06,18664901451,250194697,2.0,33.9666,-117.387,9.0,2018,2383773.0,69.4,0.0,0,0,0,0,0,0,1,0,0,0,0
Riverside,06,18664901451,250194697,1.0,33.924317,-117.335503,9.0,2022,2437925.0,76.0,0.13,0,0,0,0,0,0,1,0,0,0,0
Riverside,06,18664901451,250194697,1.0,33.92446,-117.335605,7.0,2020,2422134.0,67.7,0.0,0,0,0,0,0,0,1,0,0,0,0
Riverside,06,18664901451,250194697,1.0,33.940375,-117.239889,8.0,2021,2431238.0,69.7,0.02,0,0,0,0,0,0,1,0,0,0,0
Riverside,06,18664901451,250194697,1.0,33.952238,-117.264022,9.0,2022,2437925.0,76.0,0.13,0,0,0,0,0,0,1,0,0,0,0
Riverside,06,18664901451,250194697,1.0,33.952263,-117.263953,7.0,2021,2431238.0,68.8,0.12,0,0,0,0,0,0,1,0,0,0,0
Riverside,06,18664901451,250194697,1.0,33.9608,-117.35,11.0,2018,2383773.0,64.3,2.09,0,0,0,0,0,0,1,0,0,0,0
Riverside,06,18664901451,250194697,1.0,33.971189,-117.328942,10.0,2021,2431238.0,65.7,0.46,0,0,0,0,0,0,1,0,0,0,0
Riverside,06,18664901451,250194697,1.0,33.976811,-117.322289,8.0,2020,2422134.0,71.5,0.0,0,0,0,0,0,0,1,0,0,0,0
Riverside,06,18664901451,250194697,1.0,33.9784,-117.355,8.0,2018,2383773.0,74.1,0.0,0,0,0,0,0,0,1,0,0,0,0
Riverside,06,18664901451,250194697,1.0,34.009583,-117.272874,11.0,2020,2422134.0,60.3,0.1,0,0,0,0,0,0,1,0,0,0,0
Riverside,06,18664901451,250194697,1.0,33.9666,-117.387,8.0,2018,2383773.0,74.1,0.0,0,0,0,0,0,0,1,0,0,0,0
Riverside,06,18664901451,250194697,1.0,33.9666,-117.387,8.0,2018,2383773.0,74.1,0.0,0,0,0,0,0,0,1,0,0,0,0
Riverside,06,18664901451,250194697,1.0,33.9666,-117.387,9.0,2018,2383773.0,69.4,0.0,0,0,0,0,0,0,1,0,0,0,0
Riverside,06,18664901451,250194697,5.0,33.9666,-117.387,9.0,2018,2383773.0,69.4,0.0,0,0,0,0,0,0,1,0,0,0,0
Riverside,06,18664901451,250194697,1.0,33.9666,-117.387,6.0,2018,2383773.0,66.4,0.0,0,0,0,0,0,0,1,0,0,0,0
Riverside,06,18664901451,250194697,1.0,33.9666,-117.387,8.0,2018,2383773.0,74.1,0.0,0,0,0,0,0,0,1,0,0,0,0
Riverside,06,18664901451,250194697,4.0,33.968,-117.389,10.0,2018,2383773.0,68.0,0.58,0,0,0,0,0,0,1,0,0,0,0
Riverside,06,18664901451,250194697,5.0,33.968,-117.389,8.0,2018,2383773.0,74.1,0.0,0,0,0,0,0,0,1,0,0,0,0
Riverside,06,18664901451,250194697,1.0,33.968,-117.389,12.0,2018,2383773.0,58.0,1.45,0,0,0,0,0,0,1,0,0,0,0
Riverside,06,18664901451,250194697,2.0,33.968,-117.389,10.0,2018,2383773.0,68.0,0.58,0,0,0,0,0,0,1,0,0,0,0
Riverside,06,18664901451,250194697,21.0,33.968,-117.389,8.0,2018,2383773.0,74.1,0.0,0,0,0,0,0,0,1,0,0,0,0
Riverside,06,18664901451,250194697,1.0,33.968,-117.389,8.0,2018,2383773.0,74.1,0.0,0,0,0,0,0,0,1,0,0,0,0
Riverside,06,18664901451,250194697,20.0,33.9684,-117.365,10.0,2018,2383773.0,68.0,0.58,0,0,0,0,0,0,1,0,0,0,0
Riverside,06,18664901451,250194697,11.0,33.9684,-117.365,10.0,2018,2383773.0,68.0,0.58,0,0,0,0,0,0,1,0,0,0,0
Riverside,06,18664901451,250194697,5.0,33.9684,-117.365,10.0,2018,2383773.0,68.0,0.58,0,0,0,0,0,0,1,0,0,0,0
Riverside,06,18664901451,250194697,12.0,33.9684,-117.365,10.0,2018,2383773.0,68.0,0.58,0,0,0,0,0,0,1,0,0,0,0
Riverside,06,18664901451,250194697,10.0,33.9689,-117.388,8.0,2018,2383773.0,74.1,0.0,0,0,0,0,0,0,1,0,0,0,0
Riverside,06,18664901451,250194697,1.0,33.9689,-117.388,8.0,2018,2383773.0,74.1,0.0,0,0,0,0,0,0,1,0,0,0,0
Riverside,06,18664901451,250194697,9.0,33.9689,-117.388,8.0,2018,2383773.0,74.1,0.0,0,0,0,0,0,0,1,0,0,0,0
Riverside,06,18664901451,250194697,17.0,33.9689,-117.388,9.0,2018,2383773.0,69.4,0.0,0,0,0,0,0,0,1,0,0,0,0
Riverside,06,18664901451,250194697,2.0,33.9689,-117.388,12.0,2018,2383773.0,58.0,1.45,0,0,0,0,0,0,1,0,0,0,0
Riverside,06,18664901451,250194697,1.0,33.9689,-117.388,9.0,2018,2383773.0,69.4,0.0,0,0,0,0,0,0,1,0,0,0,0
Riverside,06,18664901451,250194697,7.0,33.9689,-117.388,9.0,2018,2383773.0,69.4,0.0,0,0,0,0,0,0,1,0,0,0,0
Riverside,06,18664901451,250194697,4.0,33.9689,-117.388,9.0,2018,2383773.0,69.4,0.0,0,0,0,0,0,0,1,0,0,0,0
Riverside,06,18664901451,250194697,15.0,33.9689,-117.388,9.0,2018,2383773.0,69.4,0.0,0,0,0,0,0,0,1,0,0,0,0
Riverside,06,18664901451,250194697,1.0,33.9689,-117.388,8.0,2018,2383773.0,74.1,0.0,0,0,0,0,0,0,1,0,0,0,0
Riverside,06,18664901451,250194697,8.0,33.9689,-117.388,8.0,2018,2383773.0,74.1,0.0,0,0,0,0,0,0,1,0,0,0,0
Riverside,06,18664901451,250194697,1.0,33.9689,-117.388,10.0,2018,2383773.0,68.0,0.58,0,0,0,0,0,0,1,0,0,0,0
Riverside,06,18664901451,250194697,1.0,33.9689,-117.388,10.0,2018,2383773.0,68.0,0.58,0,0,0,0,0,0,1,0,0,0,0
Riverside,06,18664901451,250194697,7.0,33.9689,-117.388,8.0,2018,2383773.0,74.1,0.0,0,0,0,0,0,0,1,0,0,0,0
Riverside,06,18664901451,250194697,1.0,33.8231,-117.565,9.0,2018,2383773.0,69.4,0.0,0,0,0,0,0,0,1,0,0,0,0
Riverside,06,18664901451,250194697,1.0,33.8512,-117.537,8.0,2018,2383773.0,74.1,0.0,0,0,0,0,0,0,1,0,0,0,0
Riverside,06,18664901451,250194697,1.0,33.868,-117.599,7.0,2016,2337698.0,71.4,0.0,0,0,0,0,0,0,1,0,0,0,0
Riverside,06,18664901451,250194697,1.0,33.8767,-117.576,10.0,2018,2383773.0,68.0,0.58,0,0,0,0,0,0,1,0,0,0,0
Riverside,06,18664901451,250194697,1.0,33.898097,-117.507369,10.0,2021,2431238.0,65.7,0.46,0,0,0,0,0,0,1,0,0,0,0
Riverside,06,18664901451,250194697,1.0,33.898108,-117.507675,11.0,2022,2437925.0,60.1,1.77,0,0,0,0,0,0,1,0,0,0,0
Riverside,06,18664901451,250194697,1.0,33.898403,-117.507344,10.0,2021,2431238.0,65.7,0.46,0,0,0,0,0,0,1,0,0,0,0
Riverside,06,18664901451,250194697,1.0,33.898506,-117.507325,7.0,2020,2422134.0,67.7,0.0,0,0,0,0,0,0,1,0,0,0,0
Riverside,06,18664901451,250194697,1.0,33.898336,-117.507269,8.0,2022,2437925.0,72.2,0.0,0,0,0,0,0,0,1,0,0,0,0
Riverside,06,18664901451,250194697,1.0,33.898397,-117.506878,10.0,2021,2431238.0,65.7,0.46,0,0,0,0,0,0,1,0,0,0,0
Riverside,06,18664901451,250194697,1.0,33.898411,-117.507242,11.0,2021,2431238.0,63.7,0.0,0,0,0,0,0,0,1,0,0,0,0
Riverside,06,18664901451,250194697,1.0,33.898433,-117.507158,10.0,2021,2431238.0,65.7,0.46,0,0,0,0,0,0,1,0,0,0,0
Riverside,06,18664901451,250194697,1.0,33.898456,-117.507325,11.0,2020,2422134.0,60.3,0.1,0,0,0,0,0,0,1,0,0,0,0
Riverside,06,18664901451,250194697,1.0,33.898461,-117.507247,10.0,2020,2422134.0,69.6,0.0,0,0,0,0,0,0,1,0,0,0,0
Riverside,06,18664901451,250194697,1.0,33.898464,-117.507133,11.0,2022,2437925.0,60.1,1.77,0,0,0,0,0,0,1,0,0,0,0
Riverside,06,18664901451,250194697,1.0,33.898475,-117.507317,9.0,2020,2422134.0,70.8,0.0,0,0,0,0,0,0,1,0,0,0,0
Riverside,06,18664901451,250194697,1.0,33.898478,-117.507053,7.0,2021,2431238.0,68.8,0.12,0,0,0,0,0,0,1,0,0,0,0
Riverside,06,18664901451,250194697,1.0,33.898481,-117.507072,5.0,2022,2437925.0,63.7,0.0,0,0,0,0,0,0,1,0,0,0,0
Riverside,06,18664901451,250194697,1.0,33.898489,-117.507317,2.0,2021,2431238.0,57.8,0.02,0,0,0,0,0,0,1,0,0,0,0
Riverside,06,18664901451,250194697,1.0,33.898489,-117.507192,10.0,2020,2422134.0,69.6,0.0,0,0,0,0,0,0,1,0,0,0,0
Riverside,06,18664901451,250194697,1.0,33.898497,-117.507308,10.0,2022,2437925.0,68.5,0.24,0,0,0,0,0,0,1,0,0,0,0
Riverside,06,18664901451,250194697,1.0,33.898497,-117.507192,10.0,2021,2431238.0,65.7,0.46,0,0,0,0,0,0,1,0,0,0,0
Riverside,06,18664901451,250194697,1.0,33.898503,-117.507317,9.0,2020,2422134.0,70.8,0.0,0,0,0,0,0,0,1,0,0,0,0
Riverside,06,18664901451,250194697,1.0,33.898506,-117.507186,10.0,2022,2437925.0,68.5,0.24,0,0,0,0,0,0,1,0,0,0,0
Riverside,06,18664901451,250194697,1.0,33.898508,-117.507172,11.0,2021,2431238.0,63.7,0.0,0,0,0,0,0,0,1,0,0,0,0
Riverside,06,18664901451,250194697,1.0,33.898539,-117.507131,9.0,2021,2431238.0,68.4,0.0,0,0,0,0,0,0,1,0,0,0,0
Riverside,06,18664901451,250194697,1.0,33.898544,-117.507169,11.0,2022,2437925.0,60.1,1.77,0,0,0,0,0,0,1,0,0,0,0
Riverside,06,18664901451,250194697,1.0,33.89855,-117.507133,7.0,2021,2431238.0,68.8,0.12,0,0,0,0,0,0,1,0,0,0,0
Riverside,06,18664901451,250194697,1.0,33.898553,-117.507117,11.0,2022,2437925.0,60.1,1.77,0,0,0,0,0,0,1,0,0,0,0
Riverside,06,18664901451,250194697,1.0,33.898553,-117.507208,8.0,2022,2437925.0,72.2,0.0,0,0,0,0,0,0,1,0,0,0,0
Riverside,06,18664901451,250194697,1.0,33.898558,-117.507147,9.0,2021,2431238.0,68.4,0.0,0,0,0,0,0,0,1,0,0,0,0
Riverside,06,18664901451,250194697,1.0,33.898608,-117.507272,6.0,2021,2431238.0,65.6,0.0,0,0,0,0,0,0,1,0,0,0,0
Riverside,06,18664901451,250194697,1.0,33.900515,-117.46035,11.0,2021,2431238.0,63.7,0.0,0,0,0,0,0,0,1,0,0,0,0
Riverside,06,18664901451,250194697,1.0,33.908378,-117.491896,4.0,2022,2437925.0,63.1,0.23,0,0,0,0,0,0,1,0,0,0,0
Riverside,06,18664901451,250194697,1.0,33.9119,-117.452,7.0,2017,2361995.0,71.0,0.0,0,0,0,0,0,0,1,0,0,0,0
Riverside,06,18664901451,250194697,1.0,33.9119,-117.452,7.0,2017,2361995.0,71.0,0.0,0,0,0,0,0,0,1,0,0,0,0
Riverside,06,18664901451,250194697,1.0,33.9119,-117.452,8.0,2017,2361995.0,71.3,0.0,0,0,0,0,0,0,1,0,0,0,0
Riverside,06,18664901451,250194697,4.0,33.9119,-117.452,7.0,2017,2361995.0,71.0,0.0,0,0,0,0,0,0,1,0,0,0,0
Riverside,06,18664901451,250194697,1.0,33.898572,-117.507325,7.0,2021,2431238.0,68.8,0.12,0,0,0,0,0,0,1,0,0,0,0
Riverside,06,18664901451,250194697,4.0,33.9342,-117.54,8.0,2018,2383773.0,74.1,0.0,0,0,0,0,0,0,1,0,0,0,0
Riverside,06,18664901451,250194697,1.0,33.9342,-117.54,10.0,2018,2383773.0,68.0,0.58,0,0,0,0,0,0,1,0,0,0,0
Riverside,06,18664901451,250194697,2.0,33.9342,-117.54,10.0,2018,2383773.0,68.0,0.58,0,0,0,0,0,0,1,0,0,0,0
Riverside,06,18664901451,250194697,1.0,33.9342,-117.54,10.0,2018,2383773.0,68.0,0.58,0,0,0,0,0,0,1,0,0,0,0
Riverside,06,18664901451,250194697,1.0,33.9342,-117.54,9.0,2018,2383773.0,69.4,0.0,0,0,0,0,0,0,1,0,0,0,0
Riverside,06,18664901451,250194697,1.0,33.9518,-117.586,8.0,2018,2383773.0,74.1,0.0,0,0,0,0,0,0,1,0,0,0,0
Riverside,06,18664901451,250194697,1.0,33.9082,-117.426,8.0,2018,2383773.0,74.1,0.0,0,0,0,0,0,0,1,0,0,0,0
Riverside,06,18664901451,250194697,2.0,33.9082,-117.426,10.0,2018,2383773.0,68.0,0.58,0,0,0,0,0,0,1,0,0,0,0
Riverside,06,18664901451,250194697,1.0,33.9151,-117.443,7.0,2016,2337698.0,71.4,0.0,0,0,0,0,0,0,1,0,0,0,0
Riverside,06,18664901451,250194697,1.0,33.9151,-117.443,9.0,2016,2337698.0,70.8,0.01,0,0,0,0,0,0,1,0,0,0,0
Riverside,06,18664901451,250194697,1.0,33.9151,-117.443,3.0,2016,2337698.0,60.2,1.46,0,0,0,0,0,0,1,0,0,0,0
Riverside,06,18664901451,250194697,2.0,33.9151,-117.443,6.0,2016,2337698.0,66.6,0.0,0,0,0,0,0,0,1,0,0,0,0
Riverside,06,18664901451,250194697,4.0,33.9151,-117.443,10.0,2015,2313162.0,73.7,0.1,0,0,0,0,0,0,1,0,0,0,0
Riverside,06,18664901451,250194697,1.0,33.9151,-117.443,8.0,2018,2383773.0,74.1,0.0,0,0,0,0,0,0,1,0,0,0,0
Riverside,06,18664901451,250194697,2.0,33.9151,-117.443,11.0,2015,2313162.0,62.0,0.06,0,0,0,0,0,0,1,0,0,0,0
Riverside,06,18664901451,250194697,2.0,33.9151,-117.443,6.0,2016,2337698.0,66.6,0.0,0,0,0,0,0,0,1,0,0,0,0
Riverside,06,18664901451,250194697,1.0,33.9127,-117.45,8.0,2018,2383773.0,74.1,0.0,0,0,0,0,0,0,1,0,0,0,0
Riverside,06,18664901451,250194697,1.0,33.9127,-117.45,9.0,2018,2383773.0,69.4,0.0,0,0,0,0,0,0,1,0,0,0,0
Riverside,06,18664901451,250194697,3.0,33.9127,-117.45,10.0,2018,2383773.0,68.0,0.58,0,0,0,0,0,0,1,0,0,0,0
Riverside,06,18664901451,250194697,1.0,33.9127,-117.45,8.0,2018,2383773.0,74.1,0.0,0,0,0,0,0,0,1,0,0,0,0
Riverside,06,18664901451,250194697,2.0,33.9127,-117.45,8.0,2018,2383773.0,74.1,0.0,0,0,0,0,0,0,1,0,0,0,0
Riverside,06,18664901451,250194697,2.0,33.9127,-117.45,8.0,2018,2383773.0,74.1,0.0,0,0,0,0,0,0,1,0,0,0,0
Riverside,06,18664901451,250194697,1.0,33.9127,-117.45,10.0,2018,2383773.0,68.0,0.58,0,0,0,0,0,0,1,0,0,0,0
Riverside,06,18664901451,250194697,2.0,33.9127,-117.45,10.0,2018,2383773.0,68.0,0.58,0,0,0,0,0,0,1,0,0,0,0
Riverside,06,18664901451,250194697,1.0,33.9127,-117.45,10.0,2018,2383773.0,68.0,0.58,0,0,0,0,0,0,1,0,0,0,0
Riverside,06,18664901451,250194697,5.0,33.9127,-117.45,8.0,2018,2383773.0,74.1,0.0,0,0,0,0,0,0,1,0,0,0,0
Riverside,06,18664901451,250194697,2.0,33.9127,-117.45,8.0,2018,2383773.0,74.1,0.0,0,0,0,0,0,0,1,0,0,0,0
Riverside,06,18664901451,250194697,1.0,33.9127,-117.45,9.0,2018,2383773.0,69.4,0.0,0,0,0,0,0,0,1,0,0,0,0
Riverside,06,18664901451,250194697,1.0,33.9127,-117.45,11.0,2017,2361995.0,64.8,0.1,0,0,0,0,0,0,1,0,0,0,0
Riverside,06,18664901451,250194697,2.0,33.9127,-117.45,8.0,2018,2383773.0,74.1,0.0,0,0,0,0,0,0,1,0,0,0,0
Riverside,06,18664901451,250194697,1.0,33.9127,-117.45,10.0,2018,2383773.0,68.0,0.58,0,0,0,0,0,0,1,0,0,0,0
Riverside,06,18664901451,250194697,4.0,33.9127,-117.45,8.0,2018,2383773.0,74.1,0.0,0,0,0,0,0,0,1,0,0,0,0
Riverside,06,18664901451,250194697,1.0,33.9127,-117.45,10.0,2018,2383773.0,68.0,0.58,0,0,0,0,0,0,1,0,0,0,0
Riverside,06,18664901451,250194697,1.0,33.9127,-117.45,9.0,2018,2383773.0,69.4,0.0,0,0,0,0,0,0,1,0,0,0,0
Riverside,06,18664901451,250194697,1.0,33.9127,-117.45,8.0,2018,2383773.0,74.1,0.0,0,0,0,0,0,0,1,0,0,0,0
Riverside,06,18664901451,250194697,1.0,33.9127,-117.45,9.0,2018,2383773.0,69.4,0.0,0,0,0,0,0,0,1,0,0,0,0
Riverside,06,18664901451,250194697,1.0,33.9131,-117.451,9.0,2018,2383773.0,69.4,0.0,0,0,0,0,0,0,1,0,0,0,0
Riverside,06,18664901451,250194697,2.0,33.9131,-117.451,10.0,2018,2383773.0,68.0,0.58,0,0,0,0,0,0,1,0,0,0,0
Riverside,06,18664901451,250194697,2.0,33.9131,-117.451,8.0,2018,2383773.0,74.1,0.0,0,0,0,0,0,0,1,0,0,0,0
Riverside,06,18664901451,250194697,1.0,33.9131,-117.451,8.0,2018,2383773.0,74.1,0.0,0,0,0,0,0,0,1,0,0,0,0
Riverside,06,18664901451,250194697,8.0,33.9131,-117.451,9.0,2018,2383773.0,69.4,0.0,0,0,0,0,0,0,1,0,0,0,0
Riverside,06,18664901451,250194697,1.0,33.9131,-117.451,10.0,2018,2383773.0,68.0,0.58,0,0,0,0,0,0,1,0,0,0,0
Riverside,06,18664901451,250194697,5.0,33.9131,-117.451,8.0,2018,2383773.0,74.1,0.0,0,0,0,0,0,0,1,0,0,0,0
Riverside,06,18664901451,250194697,10.0,33.9131,-117.451,10.0,2018,2383773.0,68.0,0.58,0,0,0,0,0,0,1,0,0,0,0
Riverside,06,18664901451,250194697,1.0,33.9131,-117.451,10.0,2018,2383773.0,68.0,0.58,0,0,0,0,0,0,1,0,0,0,0
Riverside,06,18664901451,250194697,7.0,33.9131,-117.451,9.0,2018,2383773.0,69.4,0.0,0,0,0,0,0,0,1,0,0,0,0
Riverside,06,18664901451,250194697,1.0,33.9127,-117.45,8.0,2018,2383773.0,74.1,0.0,0,0,0,0,0,0,1,0,0,0,0
Riverside,06,18664901451,250194697,1.0,33.9127,-117.45,10.0,2018,2383773.0,68.0,0.58,0,0,0,0,0,0,1,0,0,0,0
Riverside,06,18664901451,250194697,1.0,33.9127,-117.45,8.0,2018,2383773.0,74.1,0.0,0,0,0,0,0,0,1,0,0,0,0
Riverside,06,18664901451,250194697,1.0,33.9127,-117.45,8.0,2018,2383773.0,74.1,0.0,0,0,0,0,0,0,1,0,0,0,0
Riverside,06,18664901451,250194697,1.0,33.9135,-117.447,8.0,2018,2383773.0,74.1,0.0,0,0,0,0,0,0,1,0,0,0,0
Riverside,06,18664901451,250194697,1.0,33.9135,-117.447,10.0,2018,2383773.0,68.0,0.58,0,0,0,0,0,0,1,0,0,0,0
Riverside,06,18664901451,250194697,2.0,33.9135,-117.447,8.0,2018,2383773.0,74.1,0.0,0,0,0,0,0,0,1,0,0,0,0
Riverside,06,18664901451,250194697,1.0,33.9135,-117.447,8.0,2018,2383773.0,74.1,0.0,0,0,0,0,0,0,1,0,0,0,0
Riverside,06,18664901451,250194697,1.0,33.9135,-117.447,10.0,2018,2383773.0,68.0,0.58,0,0,0,0,0,0,1,0,0,0,0
Riverside,06,18664901451,250194697,2.0,33.9135,-117.447,9.0,2018,2383773.0,69.4,0.0,0,0,0,0,0,0,1,0,0,0,0
Riverside,06,18664901451,250194697,3.0,33.9131,-117.451,8.0,2018,2383773.0,74.1,0.0,0,0,0,0,0,0,1,0,0,0,0
Riverside,06,18664901451,250194697,2.0,33.9131,-117.451,9.0,2018,2383773.0,69.4,0.0,0,0,0,0,0,0,1,0,0,0,0
Riverside,06,18664901451,250194697,2.0,33.9131,-117.451,9.0,2018,2383773.0,69.4,0.0,0,0,0,0,0,0,1,0,0,0,0
Riverside,06,18664901451,250194697,2.0,33.9131,-117.451,8.0,2018,2383773.0,74.1,0.0,0,0,0,0,0,0,1,0,0,0,0
Riverside,06,18664901451,250194697,1.0,33.915,-117.454,9.0,2017,2361995.0,70.8,0.08,0,0,0,0,0,0,1,0,0,0,0
Riverside,06,18664901451,250194697,1.0,33.915,-117.454,9.0,2017,2361995.0,70.8,0.08,0,0,0,0,0,0,1,0,0,0,0
Riverside,06,18664901451,250194697,1.0,33.915,-117.454,9.0,2018,2383773.0,69.4,0.0,0,0,0,0,0,0,1,0,0,0,0
Riverside,06,18664901451,250194697,3.0,33.915,-117.454,9.0,2017,2361995.0,70.8,0.08,0,0,0,0,0,0,1,0,0,0,0
Riverside,06,18664901451,250194697,2.0,33.915,-117.454,9.0,2017,2361995.0,70.8,0.08,0,0,0,0,0,0,1,0,0,0,0
Riverside,06,18664901451,250194697,1.0,33.915,-117.454,9.0,2017,2361995.0,70.8,0.08,0,0,0,0,0,0,1,0,0,0,0
Riverside,06,18664901451,250194697,3.0,33.9135,-117.447,9.0,2018,2383773.0,69.4,0.0,0,0,0,0,0,0,1,0,0,0,0
Riverside,06,18664901451,250194697,4.0,33.9135,-117.447,8.0,2018,2383773.0,74.1,0.0,0,0,0,0,0,0,1,0,0,0,0
Riverside,06,18664901451,250194697,2.0,33.9135,-117.447,9.0,2018,2383773.0,69.4,0.0,0,0,0,0,0,0,1,0,0,0,0
Riverside,06,18664901451,250194697,2.0,33.9135,-117.447,10.0,2018,2383773.0,68.0,0.58,0,0,0,0,0,0,1,0,0,0,0
Riverside,06,18664901451,250194697,1.0,33.9149,-117.446,10.0,2018,2383773.0,68.0,0.58,0,0,0,0,0,0,1,0,0,0,0
Riverside,06,18664901451,250194697,1.0,33.9149,-117.446,10.0,2018,2383773.0,68.0,0.58,0,0,0,0,0,0,1,0,0,0,0
Riverside,06,18664901451,250194697,3.0,33.9149,-117.446,8.0,2018,2383773.0,74.1,0.0,0,0,0,0,0,0,1,0,0,0,0
Riverside,06,18664901451,250194697,2.0,33.9149,-117.446,10.0,2018,2383773.0,68.0,0.58,0,0,0,0,0,0,1,0,0,0,0
Riverside,06,18664901451,250194697,1.0,33.9149,-117.446,10.0,2017,2361995.0,70.8,0.0,0,0,0,0,0,0,1,0,0,0,0
Riverside,06,18664901451,250194697,1.0,33.9149,-117.446,9.0,2018,2383773.0,69.4,0.0,0,0,0,0,0,0,1,0,0,0,0
Riverside,06,18664901451,250194697,2.0,33.9149,-117.446,8.0,2018,2383773.0,74.1,0.0,0,0,0,0,0,0,1,0,0,0,0
Riverside,06,18664901451,250194697,3.0,33.9149,-117.446,9.0,2018,2383773.0,69.4,0.0,0,0,0,0,0,0,1,0,0,0,0
Riverside,06,18664901451,250194697,2.0,33.9151,-117.443,9.0,2018,2383773.0,69.4,0.0,0,0,0,0,0,0,1,0,0,0,0
Riverside,06,18664901451,250194697,1.0,33.9151,-117.443,11.0,2015,2313162.0,62.0,0.06,0,0,0,0,0,0,1,0,0,0,0
Riverside,06,18664901451,250194697,3.0,33.9151,-117.443,3.0,2016,2337698.0,60.2,1.46,0,0,0,0,0,0,1,0,0,0,0
Riverside,06,18664901451,250194697,1.0,33.9151,-117.443,9.0,2016,2337698.0,70.8,0.01,0,0,0,0,0,0,1,0,0,0,0
Riverside,06,18664901451,250194697,1.0,33.9151,-117.443,9.0,2016,2337698.0,70.8,0.01,0,0,0,0,0,0,1,0,0,0,0
Riverside,06,18664901451,250194697,1.0,33.9153,-117.445,8.0,2018,2383773.0,74.1,0.0,0,0,0,0,0,0,1,0,0,0,0
Riverside,06,18664901451,250194697,1.0,33.9153,-117.445,11.0,2018,2383773.0,64.3,2.09,0,0,0,0,0,0,1,0,0,0,0
Riverside,06,18664901451,250194697,2.0,33.9153,-117.445,8.0,2018,2383773.0,74.1,0.0,0,0,0,0,0,0,1,0,0,0,0
Riverside,06,18664901451,250194697,1.0,33.9153,-117.445,8.0,2018,2383773.0,74.1,0.0,0,0,0,0,0,0,1,0,0,0,0
Riverside,06,18664901451,250194697,1.0,33.9153,-117.445,8.0,2018,2383773.0,74.1,0.0,0,0,0,0,0,0,1,0,0,0,0
Riverside,06,18664901451,250194697,1.0,33.9153,-117.445,8.0,2018,2383773.0,74.1,0.0,0,0,0,0,0,0,1,0,0,0,0
Riverside,06,18664901451,250194697,1.0,33.9154,-117.444,11.0,2018,2383773.0,64.3,2.09,0,0,0,0,0,0,1,0,0,0,0
Riverside,06,18664901451,250194697,1.0,33.9154,-117.444,11.0,2018,2383773.0,64.3,2.09,0,0,0,0,0,0,1,0,0,0,0
Riverside,06,18664901451,250194697,1.0,33.9154,-117.444,8.0,2018,2383773.0,74.1,0.0,0,0,0,0,0,0,1,0,0,0,0
Riverside,06,18664901451,250194697,1.0,33.9154,-117.444,8.0,2018,2383773.0,74.1,0.0,0,0,0,0,0,0,1,0,0,0,0
Riverside,06,18664901451,250194697,1.0,33.9154,-117.444,8.0,2018,2383773.0,74.1,0.0,0,0,0,0,0,0,1,0,0,0,0
Riverside,06,18664901451,250194697,3.0,33.9154,-117.444,8.0,2018,2383773.0,74.1,0.0,0,0,0,0,0,0,1,0,0,0,0
Riverside,06,18664901451,250194697,1.0,33.9157,-117.444,11.0,2015,2313162.0,62.0,0.06,0,0,0,0,0,0,1,0,0,0,0
Riverside,06,18664901451,250194697,1.0,33.9157,-117.444,11.0,2015,2313162.0,62.0,0.06,0,0,0,0,0,0,1,0,0,0,0
Riverside,06,18664901451,250194697,4.0,33.9163,-117.45,9.0,2018,2383773.0,69.4,0.0,0,0,0,0,0,0,1,0,0,0,0
Riverside,06,18664901451,250194697,6.0,33.9163,-117.45,10.0,2018,2383773.0,68.0,0.58,0,0,0,0,0,0,1,0,0,0,0
Riverside,06,18664901451,250194697,3.0,33.9163,-117.45,10.0,2018,2383773.0,68.0,0.58,0,0,0,0,0,0,1,0,0,0,0
Riverside,06,18664901451,250194697,3.0,33.9163,-117.45,9.0,2018,2383773.0,69.4,0.0,0,0,0,0,0,0,1,0,0,0,0
Riverside,06,18664901451,250194697,14.0,33.9163,-117.45,11.0,2018,2383773.0,64.3,2.09,0,0,0,0,0,0,1,0,0,0,0
Riverside,06,18664901451,250194697,2.0,33.9163,-117.45,8.0,2018,2383773.0,74.1,0.0,0,0,0,0,0,0,1,0,0,0,0
Riverside,06,18664901451,250194697,3.0,33.9163,-117.45,9.0,2018,2383773.0,69.4,0.0,0,0,0,0,0,0,1,0,0,0,0
Riverside,06,18664901451,250194697,2.0,33.9163,-117.45,9.0,2018,2383773.0,69.4,0.0,0,0,0,0,0,0,1,0,0,0,0
Riverside,06,18664901451,250194697,2.0,33.9163,-117.45,8.0,2018,2383773.0,74.1,0.0,0,0,0,0,0,0,1,0,0,0,0
Riverside,06,18664901451,250194697,1.0,33.915,-117.454,11.0,2018,2383773.0,64.3,2.09,0,0,0,0,0,0,1,0,0,0,0
Riverside,06,18664901451,250194697,1.0,33.9163,-117.45,8.0,2018,2383773.0,74.1,0.0,0,0,0,0,0,0,1,0,0,0,0
Riverside,06,18664901451,250194697,12.0,33.9163,-117.45,11.0,2018,2383773.0,64.3,2.09,0,0,0,0,0,0,1,0,0,0,0
Riverside,06,18664901451,250194697,3.0,33.9171,-117.451,8.0,2018,2383773.0,74.1,0.0,0,0,0,0,0,0,1,0,0,0,0
Riverside,06,18664901451,250194697,4.0,33.9171,-117.451,8.0,2018,2383773.0,74.1,0.0,0,0,0,0,0,0,1,0,0,0,0
Riverside,06,18664901451,250194697,1.0,33.9171,-117.451,9.0,2018,2383773.0,69.4,0.0,0,0,0,0,0,0,1,0,0,0,0
Riverside,06,18664901451,250194697,1.0,33.9171,-117.451,9.0,2018,2383773.0,69.4,0.0,0,0,0,0,0,0,1,0,0,0,0
Riverside,06,18664901451,250194697,1.0,33.9171,-117.451,11.0,2018,2383773.0,64.3,2.09,0,0,0,0,0,0,1,0,0,0,0
Riverside,06,18664901451,250194697,1.0,33.9171,-117.451,10.0,2018,2383773.0,68.0,0.58,0,0,0,0,0,0,1,0,0,0,0
Riverside,06,18664901451,250194697,1.0,33.9163,-117.45,11.0,2018,2383773.0,64.3,2.09,0,0,0,0,0,0,1,0,0,0,0
Riverside,06,18664901451,250194697,6.0,33.9163,-117.45,10.0,2018,2383773.0,68.0,0.58,0,0,0,0,0,0,1,0,0,0,0
Riverside,06,18664901451,250194697,7.0,33.9163,-117.45,10.0,2018,2383773.0,68.0,0.58,0,0,0,0,0,0,1,0,0,0,0
Riverside,06,18664901451,250194697,5.0,33.9166,-117.45,9.0,2017,2361995.0,70.8,0.08,0,0,0,0,0,0,1,0,0,0,0
Riverside,06,18664901451,250194697,1.0,33.9166,-117.45,9.0,2017,2361995.0,70.8,0.08,0,0,0,0,0,0,1,0,0,0,0
Riverside,06,18664901451,250194697,1.0,33.9166,-117.45,9.0,2017,2361995.0,70.8,0.08,0,0,0,0,0,0,1,0,0,0,0
Riverside,06,18664901451,250194697,12.0,33.9166,-117.45,9.0,2017,2361995.0,70.8,0.08,0,0,0,0,0,0,1,0,0,0,0
Riverside,06,18664901451,250194697,2.0,33.9166,-117.45,9.0,2017,2361995.0,70.8,0.08,0,0,0,0,0,0,1,0,0,0,0
Riverside,06,18664901451,250194697,9.0,33.9166,-117.45,9.0,2017,2361995.0,70.8,0.08,0,0,0,0,0,0,1,0,0,0,0
Riverside,06,18664901451,250194697,3.0,33.9151,-117.443,6.0,2016,2337698.0,66.6,0.0,0,0,0,0,0,0,1,0,0,0,0
Riverside,06,18664901451,250194697,2.0,33.9151,-117.443,7.0,2016,2337698.0,71.4,0.0,0,0,0,0,0,0,1,0,0,0,0
Riverside,06,18664901451,250194697,3.0,33.9151,-117.443,6.0,2016,2337698.0,66.6,0.0,0,0,0,0,0,0,1,0,0,0,0
Riverside,06,18664901451,250194697,2.0,33.9151,-117.443,8.0,2016,2337698.0,70.3,0.0,0,0,0,0,0,0,1,0,0,0,0
Riverside,06,18664901451,250194697,2.0,33.9151,-117.443,3.0,2016,2337698.0,60.2,1.46,0,0,0,0,0,0,1,0,0,0,0
Riverside,06,18664901451,250194697,2.0,33.9151,-117.443,7.0,2016,2337698.0,71.4,0.0,0,0,0,0,0,0,1,0,0,0,0
Riverside,06,18664901451,250194697,2.0,33.9151,-117.443,11.0,2015,2313162.0,62.0,0.06,0,0,0,0,0,0,1,0,0,0,0
Riverside,06,18664901451,250194697,1.0,33.9151,-117.443,9.0,2016,2337698.0,70.8,0.01,0,0,0,0,0,0,1,0,0,0,0
Riverside,06,18664901451,250194697,1.0,33.9151,-117.443,8.0,2016,2337698.0,70.3,0.0,0,0,0,0,0,0,1,0,0,0,0
Riverside,06,18664901451,250194697,2.0,33.9578,-117.4,10.0,2018,2383773.0,68.0,0.58,0,0,0,0,0,0,1,0,0,0,0
Riverside,06,18664901451,250194697,3.0,33.9588,-117.397,10.0,2018,2383773.0,68.0,0.58,0,0,0,0,0,0,1,0,0,0,0
Riverside,06,18664901451,250194697,10.0,33.9588,-117.397,10.0,2018,2383773.0,68.0,0.58,0,0,0,0,0,0,1,0,0,0,0
Riverside,06,18664901451,250194697,1.0,33.9588,-117.397,11.0,2018,2383773.0,64.3,2.09,0,0,0,0,0,0,1,0,0,0,0
Riverside,06,18664901451,250194697,3.0,33.9588,-117.397,10.0,2018,2383773.0,68.0,0.58,0,0,0,0,0,0,1,0,0,0,0
Riverside,06,18664901451,250194697,1.0,33.9588,-117.397,8.0,2018,2383773.0,74.1,0.0,0,0,0,0,0,0,1,0,0,0,0
Riverside,06,18664901451,250194697,1.0,33.9591,-117.4,10.0,2018,2383773.0,68.0,0.58,0,0,0,0,0,0,1,0,0,0,0
Riverside,06,18664901451,250194697,4.0,33.9591,-117.4,9.0,2018,2383773.0,69.4,0.0,0,0,0,0,0,0,1,0,0,0,0
Riverside,06,18664901451,250194697,2.0,33.9591,-117.4,8.0,2018,2383773.0,74.1,0.0,0,0,0,0,0,0,1,0,0,0,0
Riverside,06,18664901451,250194697,1.0,33.9603,-117.398,10.0,2018,2383773.0,68.0,0.58,0,0,0,0,0,0,1,0,0,0,0
Riverside,06,18664901451,250194697,1.0,33.9603,-117.398,11.0,2018,2383773.0,64.3,2.09,0,0,0,0,0,0,1,0,0,0,0
Riverside,06,18664901451,250194697,13.0,33.9603,-117.398,10.0,2018,2383773.0,68.0,0.58,0,0,0,0,0,0,1,0,0,0,0
Riverside,06,18664901451,250194697,9.0,33.9603,-117.398,9.0,2018,2383773.0,69.4,0.0,0,0,0,0,0,0,1,0,0,0,0
Riverside,06,18664901451,250194697,14.0,33.9603,-117.398,10.0,2018,2383773.0,68.0,0.58,0,0,0,0,0,0,1,0,0,0,0
Riverside,06,18664901451,250194697,4.0,33.9603,-117.398,9.0,2018,2383773.0,69.4,0.0,0,0,0,0,0,0,1,0,0,0,0
Riverside,06,18664901451,250194697,2.0,33.9603,-117.398,10.0,2018,2383773.0,68.0,0.58,0,0,0,0,0,0,1,0,0,0,0
Riverside,06,18664901451,250194697,1.0,33.9634,-117.423,9.0,2018,2383773.0,69.4,0.0,0,0,0,0,0,0,1,0,0,0,0
Riverside,06,18664901451,250194697,1.0,33.9634,-117.423,12.0,2018,2383773.0,58.0,1.45,0,0,0,0,0,0,1,0,0,0,0
Riverside,06,18664901451,250194697,2.0,33.9634,-117.423,10.0,2018,2383773.0,68.0,0.58,0,0,0,0,0,0,1,0,0,0,0
Riverside,06,18664901451,250194697,1.0,33.9636,-117.427,11.0,2018,2383773.0,64.3,2.09,0,0,0,0,0,0,1,0,0,0,0
Riverside,06,18664901451,250194697,1.0,33.992,-117.406,9.0,2018,2383773.0,69.4,0.0,0,0,0,0,0,0,1,0,0,0,0
Riverside,06,18664901451,250194697,2.0,33.992,-117.406,9.0,2018,2383773.0,69.4,0.0,0,0,0,0,0,0,1,0,0,0,0
Riverside,06,18664901451,250194697,17.0,33.9923,-117.397,11.0,2018,2383773.0,64.3,2.09,0,0,0,0,0,0,1,0,0,0,0
Riverside,06,18664901451,250194697,37.0,33.9923,-117.397,10.0,2018,2383773.0,68.0,0.58,0,0,0,0,0,0,1,0,0,0,0
Riverside,06,18664901451,250194697,5.0,33.9923,-117.397,10.0,2018,2383773.0,68.0,0.58,0,0,0,0,0,0,1,0,0,0,0
Riverside,06,18664901451,250194697,12.0,33.9923,-117.397,10.0,2018,2383773.0,68.0,0.58,0,0,0,0,0,0,1,0,0,0,0
Riverside,06,18664901451,250194697,10.0,33.9923,-117.397,10.0,2018,2383773.0,68.0,0.58,0,0,0,0,0,0,1,0,0,0,0
Riverside,06,18664901451,250194697,19.0,33.9923,-117.397,10.0,2018,2383773.0,68.0,0.58,0,0,0,0,0,0,1,0,0,0,0
Riverside,06,18664901451,250194697,3.0,33.9923,-117.397,11.0,2018,2383773.0,64.3,2.09,0,0,0,0,0,0,1,0,0,0,0
Riverside,06,18664901451,250194697,2.0,33.9923,-117.397,11.0,2018,2383773.0,64.3,2.09,0,0,0,0,0,0,1,0,0,0,0
Riverside,06,18664901451,250194697,4.0,33.9923,-117.397,11.0,2018,2383773.0,64.3,2.09,0,0,0,0,0,0,1,0,0,0,0
Riverside,06,18664901451,250194697,2.0,33.9923,-117.397,10.0,2018,2383773.0,68.0,0.58,0,0,0,0,0,0,1,0,0,0,0
Riverside,06,18664901451,250194697,1.0,33.9923,-117.397,11.0,2018,2383773.0,64.3,2.09,0,0,0,0,0,0,1,0,0,0,0
Riverside,06,18664901451,250194697,135.0,33.9923,-117.397,9.0,2018,2383773.0,69.4,0.0,0,0,0,0,0,0,1,0,0,0,0
Riverside,06,18664901451,250194697,41.0,33.9923,-117.397,10.0,2018,2383773.0,68.0,0.58,0,0,0,0,0,0,1,0,0,0,0
Riverside,06,18664901451,250194697,20.0,33.9923,-117.397,10.0,2018,2383773.0,68.0,0.58,0,0,0,0,0,0,1,0,0,0,0
Riverside,06,18664901451,250194697,33.0,33.9923,-117.397,10.0,2018,2383773.0,68.0,0.58,0,0,0,0,0,0,1,0,0,0,0
Riverside,06,18664901451,250194697,118.0,33.9923,-117.397,9.0,2018,2383773.0,69.4,0.0,0,0,0,0,0,0,1,0,0,0,0
Riverside,06,18664901451,250194697,2.0,33.9938,-117.399,10.0,2018,2383773.0,68.0,0.58,0,0,0,0,0,0,1,0,0,0,0
Riverside,06,18664901451,250194697,1.0,33.9938,-117.399,10.0,2018,2383773.0,68.0,0.58,0,0,0,0,0,0,1,0,0,0,0
Riverside,06,18664901451,250194697,3.0,33.9689,-117.388,10.0,2018,2383773.0,68.0,0.58,0,0,0,0,0,0,1,0,0,0,0
Riverside,06,18664901451,250194697,3.0,33.9733,-117.395,8.0,2018,2383773.0,74.1,0.0,0,0,0,0,0,0,1,0,0,0,0
Riverside,06,18664901451,250194697,3.0,33.9733,-117.395,8.0,2018,2383773.0,74.1,0.0,0,0,0,0,0,0,1,0,0,0,0
Riverside,06,18664901451,250194697,3.0,33.9733,-117.395,11.0,2017,2361995.0,64.8,0.1,0,0,0,0,0,0,1,0,0,0,0
Riverside,06,18664901451,250194697,4.0,33.9733,-117.395,11.0,2017,2361995.0,64.8,0.1,0,0,0,0,0,0,1,0,0,0,0
Riverside,06,18664901451,250194697,1.0,33.9733,-117.395,11.0,2017,2361995.0,64.8,0.1,0,0,0,0,0,0,1,0,0,0,0
Riverside,06,18664901451,250194697,1.0,33.9733,-117.395,11.0,2017,2361995.0,64.8,0.1,0,0,0,0,0,0,1,0,0,0,0
Riverside,06,18664901451,250194697,4.0,33.9733,-117.395,8.0,2018,2383773.0,74.1,0.0,0,0,0,0,0,0,1,0,0,0,0
Riverside,06,18664901451,250194697,2.0,33.9733,-117.395,8.0,2018,2383773.0,74.1,0.0,0,0,0,0,0,0,1,0,0,0,0
Riverside,06,18664901451,250194697,3.0,33.9733,-117.395,8.0,2018,2383773.0,74.1,0.0,0,0,0,0,0,0,1,0,0,0,0
Riverside,06,18664901451,250194697,1.0,33.9735,-117.391,8.0,2018,2383773.0,74.1,0.0,0,0,0,0,0,0,1,0,0,0,0
Riverside,06,18664901451,250194697,15.0,33.9735,-117.391,8.0,2018,2383773.0,74.1,0.0,0,0,0,0,0,0,1,0,0,0,0
Riverside,06,18664901451,250194697,1.0,33.9749,-117.387,9.0,2018,2383773.0,69.4,0.0,0,0,0,0,0,0,1,0,0,0,0
Riverside,06,18664901451,250194697,2.0,33.9749,-117.387,9.0,2018,2383773.0,69.4,0.0,0,0,0,0,0,0,1,0,0,0,0
Riverside,06,18664901451,250194697,10.0,33.9749,-117.387,8.0,2018,2383773.0,74.1,0.0,0,0,0,0,0,0,1,0,0,0,0
Riverside,06,18664901451,250194697,1.0,33.9749,-117.387,8.0,2018,2383773.0,74.1,0.0,0,0,0,0,0,0,1,0,0,0,0
Riverside,06,18664901451,250194697,3.0,33.9762,-117.39,10.0,2018,2383773.0,68.0,0.58,0,0,0,0,0,0,1,0,0,0,0
Riverside,06,18664901451,250194697,1.0,33.9762,-117.39,9.0,2018,2383773.0,69.4,0.0,0,0,0,0,0,0,1,0,0,0,0
Riverside,06,18664901451,250194697,6.0,33.9762,-117.39,8.0,2018,2383773.0,74.1,0.0,0,0,0,0,0,0,1,0,0,0,0
Riverside,06,18664901451,250194697,1.0,33.9762,-117.39,10.0,2018,2383773.0,68.0,0.58,0,0,0,0,0,0,1,0,0,0,0
Riverside,06,18664901451,250194697,1.0,33.9762,-117.39,8.0,2018,2383773.0,74.1,0.0,0,0,0,0,0,0,1,0,0,0,0
Riverside,06,18664901451,250194697,2.0,33.9762,-117.39,10.0,2018,2383773.0,68.0,0.58,0,0,0,0,0,0,1,0,0,0,0
Riverside,06,18664901451,250194697,11.0,33.9907,-117.378,8.0,2018,2383773.0,74.1,0.0,0,0,0,0,0,0,1,0,0,0,0
Riverside,06,18664901451,250194697,4.0,33.9907,-117.378,8.0,2018,2383773.0,74.1,0.0,0,0,0,0,0,0,1,0,0,0,0
Riverside,06,18664901451,250194697,1.0,33.9923,-117.397,11.0,2018,2383773.0,64.3,2.09,0,0,0,0,0,0,1,0,0,0,0
Riverside,06,18664901451,250194697,38.0,33.9923,-117.397,10.0,2018,2383773.0,68.0,0.58,0,0,0,0,0,0,1,0,0,0,0
Riverside,06,18664901451,250194697,37.0,33.9923,-117.397,10.0,2018,2383773.0,68.0,0.58,0,0,0,0,0,0,1,0,0,0,0
Riverside,06,18664901451,250194697,1.0,33.9923,-117.397,11.0,2018,2383773.0,64.3,2.09,0,0,0,0,0,0,1,0,0,0,0
Riverside,06,18664901451,250194697,2.0,33.9923,-117.397,11.0,2018,2383773.0,64.3,2.09,0,0,0,0,0,0,1,0,0,0,0
Riverside,06,18664901451,250194697,39.0,33.9923,-117.397,10.0,2018,2383773.0,68.0,0.58,0,0,0,0,0,0,1,0,0,0,0
Riverside,06,18664901451,250194697,1.0,33.9923,-117.397,11.0,2018,2383773.0,64.3,2.09,0,0,0,0,0,0,1,0,0,0,0
Riverside,06,18664901451,250194697,2.0,33.9923,-117.397,11.0,2018,2383773.0,64.3,2.09,0,0,0,0,0,0,1,0,0,0,0
Riverside,06,18664901451,250194697,2.0,33.9923,-117.397,10.0,2018,2383773.0,68.0,0.58,0,0,0,0,0,0,1,0,0,0,0
Riverside,06,18664901451,250194697,20.0,33.9923,-117.397,10.0,2018,2383773.0,68.0,0.58,0,0,0,0,0,0,1,0,0,0,0
Riverside,06,18664901451,250194697,127.0,33.9923,-117.397,10.0,2018,2383773.0,68.0,0.58,0,0,0,0,0,0,1,0,0,0,0
Riverside,06,18664901451,250194697,3.0,33.9923,-117.397,11.0,2018,2383773.0,64.3,2.09,0,0,0,0,0,0,1,0,0,0,0
Riverside,06,18664901451,250194697,3.0,33.9923,-117.397,11.0,2018,2383773.0,64.3,2.09,0,0,0,0,0,0,1,0,0,0,0
Riverside,06,18664901451,250194697,13.0,33.9923,-117.397,10.0,2018,2383773.0,68.0,0.58,0,0,0,0,0,0,1,0,0,0,0
Riverside,06,18664901451,250194697,2.0,33.9923,-117.397,11.0,2018,2383773.0,64.3,2.09,0,0,0,0,0,0,1,0,0,0,0
Riverside,06,18664901451,250194697,1.0,34.0105,-117.353,10.0,2018,2383773.0,68.0,0.58,0,0,0,0,0,0,1,0,0,0,0
Imperial,06,10817292933,790212281,1.0,32.975115,-115.542083,10.0,2017,180627.0,71.1,0.0,0,0,1,0,0,0,0,0,0,0,0
Orange,06,2053294769,402004844,1.0,33.485961,-117.727011,10.0,2022,3149004.0,68.5,0.24,0,0,0,0,0,1,0,0,0,0,0
Orange,06,2053294769,402004844,1.0,33.606589,-117.675628,10.0,2015,3155895.0,73.7,0.1,0,0,0,0,0,1,0,0,0,0,0
Orange,06,2053294769,402004844,1.0,33.606846,-117.674206,10.0,2015,3155895.0,73.7,0.1,0,0,0,0,0,1,0,0,0,0,0
Orange,06,2053294769,402004844,1.0,33.62969,-117.816966,2.0,2021,3163851.0,57.8,0.02,0,0,0,0,0,1,0,0,0,0,0
Orange,06,2053294769,402004844,1.0,33.652176,-117.655098,9.0,2020,3187189.0,70.8,0.0,0,0,0,0,0,1,0,0,0,0,0
Orange,06,2053294769,402004844,1.0,33.653455,-117.754037,10.0,2022,3149004.0,68.5,0.24,0,0,0,0,0,1,0,0,0,0,0
Orange,06,2053294769,402004844,1.0,33.727731,-117.989246,6.0,2021,3163851.0,65.6,0.0,0,0,0,0,0,1,0,0,0,0,0
Orange,06,2053294769,402004844,1.0,33.833991,-118.03188,1.0,2021,3163851.0,57.6,1.91,0,0,0,0,0,1,0,0,0,0,0
Orange,06,2053294769,402004844,1.0,33.83478,-117.833938,10.0,2021,3163851.0,65.7,0.46,0,0,0,0,0,1,0,0,0,0,0
Orange,06,2053294769,402004844,1.0,33.837842,-117.9273,9.0,2020,3187189.0,70.8,0.0,0,0,0,0,0,1,0,0,0,0,0
Orange,06,2053294769,402004844,1.0,33.839426,-117.883127,9.0,2020,3187189.0,70.8,0.0,0,0,0,0,0,1,0,0,0,0,0
Orange,06,2053294769,402004844,1.0,33.843605,-117.91845,11.0,2022,3149004.0,60.1,1.77,0,0,0,0,0,1,0,0,0,0,0
Orange,06,2053294769,402004844,1.0,33.844793,-117.869836,6.0,2021,3163851.0,65.6,0.0,0,0,0,0,0,1,0,0,0,0,0
Orange,06,2053294769,402004844,1.0,33.865039,-117.865478,4.0,2015,3155895.0,62.0,0.11,0,0,0,0,0,1,0,0,0,0,0
Orange,06,2053294769,402004844,1.0,33.879295,-117.883562,10.0,2022,3149004.0,68.5,0.24,0,0,0,0,0,1,0,0,0,0,0
Orange,06,2053294769,402004844,1.0,33.880408,-117.751442,2.0,2021,3163851.0,57.8,0.02,0,0,0,0,0,1,0,0,0,0,0
Orange,06,2053294769,402004844,1.0,33.933618,-117.950601,6.0,2020,3187189.0,67.4,0.0,0,0,0,0,0,1,0,0,0,0,0
Orange,06,2053294769,402004844,1.0,33.933618,-117.950602,10.0,2018,3193464.0,68.0,0.58,0,0,0,0,0,1,0,0,0,0,0
Orange,06,2053294769,402004844,1.0,33.933618,-117.950601,6.0,2020,3187189.0,67.4,0.0,0,0,0,0,0,1,0,0,0,0,0
Orange,06,2053294769,402004844,1.0,33.933704,-117.950558,10.0,2018,3193464.0,68.0,0.58,0,0,0,0,0,1,0,0,0,0,0
San Bernardino,06,51954895600,117095140,1.0,33.988178,-117.716995,5.0,2022,2182824.0,63.7,0.0,0,0,0,0,0,0,0,1,0,0,0
San Bernardino,06,51954895600,117095140,1.0,34.015113,-117.095293,5.0,2020,2185997.0,66.1,0.12,0,0,0,0,0,0,0,1,0,0,0
San Bernardino,06,51954895600,117095140,1.0,34.046928,-117.047105,8.0,2021,2186572.0,69.7,0.02,0,0,0,0,0,0,0,1,0,0,0
San Bernardino,06,51954895600,117095140,1.0,34.054102,-117.140009,10.0,2022,2182824.0,68.5,0.24,0,0,0,0,0,0,0,1,0,0,0
San Bernardino,06,51954895600,117095140,1.0,34.061818,-117.16453,8.0,2022,2182824.0,72.2,0.0,0,0,0,0,0,0,0,1,0,0,0
San Bernardino,06,51954895600,117095140,1.0,34.062474,-117.162863,10.0,2021,2186572.0,65.7,0.46,0,0,0,0,0,0,0,1,0,0,0
San Bernardino,06,51954895600,117095140,1.0,34.152083,-117.31215,11.0,2020,2185997.0,60.3,0.1,0,0,0,0,0,0,0,1,0,0,0
San Bernardino,06,51954895600,117095140,1.0,34.160576,-117.184486,4.0,2021,2186572.0,60.9,0.0,0,0,0,0,0,0,0,1,0,0,0
San Bernardino,06,51954895600,117095140,1.0,34.205288,-117.362367,10.0,2019,2174437.0,69.4,0.0,0,0,0,0,0,0,0,1,0,0,0
San Bernardino,06,51954895600,117095140,1.0,34.055176,-117.689305,8.0,2019,2174437.0,69.8,0.0,0,0,0,0,0,0,0,1,0,0,0
San Bernardino,06,51954895600,117095140,1.0,34.07832,-117.709625,5.0,2022,2182824.0,63.7,0.0,0,0,0,0,0,0,0,1,0,0,0
San Bernardino,06,51954895600,117095140,1.0,34.106399,-117.593108,10.0,2022,2182824.0,68.5,0.24,0,0,0,0,0,0,0,1,0,0,0
