Date,Temp_Eureka,Prec_Eureka,Temp_Fresno,Prec_Fresno,Temp_Los Angeles,Prec_Los Angeles,Temp_Sacramento,Prec_Sacramento,Temp_San Diego,Prec_San Diego,Temp_San Francisco,Prec_San Francisco
194507,55.8,0.00,84.4,0.00,66.8,0.00,-99.0,-99.00,66.2,0.00,62.8,0.01
194508,54.8,0.10,79.6,0.00,68.7,0.00,-99.0,-99.00,69.1,0.87,62.0,0.00
194509,54.3,1.09,75.7,0.00,67.9,0.00,-99.0,-99.00,68.6,0.03,63.9,0.03
194510,52.6,3.38,66.9,1.04,63.8,0.46,-99.0,-99.00,64.5,0.00,61.0,2.04
194511,50.3,9.48,53.6,1.45,56.4,0.18,50.6,1.45,57.2,0.13,54.2,2.38
194512,49.4,9.93,47.8,1.11,53.9,4.45,45.7,4.84,54.4,3.62,51.4,6.61
194601,45.7,4.32,44.6,0.28,53.5,0.25,43.7,0.56,53.3,0.89,49.0,0.92
194602,45.9,5.09,49.5,1.40,50.8,0.53,44.9,0.73,51.6,0.60,48.6,1.64
194603,46.5,4.68,55.0,2.01,54.4,3.29,51.4,1.81,54.3,2.67,52.0,1.94
194604,49.3,0.43,64.5,0.03,58.1,0.65,-99.0,-99.00,59.6,0.52,54.0,0.15
194605,51.6,1.26,68.7,1.02,59.5,0.00,-99.0,-99.00,60.9,0.01,56.1,0.22
194606,56.1,0.30,74.7,0.00,64.6,0.00,-99.0,-99.00,65.2,0.00,59.3,0.00
194607,57.5,0.13,82.1,0.02,67.3,0.00,-99.0,-99.00,68.0,0.00,62.4,0.15
194608,55.1,0.01,81.3,0.00,67.6,0.00,-99.0,-99.00,69.5,0.00,61.0,-99.00
194609,55.8,0.32,74.9,0.14,67.9,0.01,-99.0,-99.00,68.3,0.00,63.5,0.01
194610,51.3,2.26,61.7,0.73,60.9,0.80,-99.0,-99.00,61.3,0.35,59.4,-99.00
194611,48.8,4.36,50.8,1.94,56.0,7.93,49.2,2.27,55.4,2.54,52.4,2.00
194612,47.9,1.56,45.8,1.95,53.5,2.91,44.5,1.24,54.3,1.18,49.5,1.67
194701,43.9,3.94,41.1,0.20,50.4,0.09,40.6,0.47,50.7,0.35,45.4,0.73
194702,49.7,1.33,52.5,0.60,56.2,0.44,49.0,2.06,55.7,0.43,-99.0,-99.00
194703,50.0,3.91,59.1,0.46,57.9,1.02,54.2,2.32,58.0,0.98,55.4,2.98
194704,51.6,1.85,64.9,0.41,59.3,0.23,-99.0,-99.00,60.2,0.36,57.6,0.13
194705,53.2,0.17,73.2,0.20,61.8,0.04,-99.0,-99.00,61.1,0.17,58.9,0.26
194706,55.8,1.58,76.6,0.02,65.3,0.00,-99.0,-99.00,63.9,0.00,63.4,0.48
194707,59.4,1.20,79.2,0.00,67.4,0.00,72.0,0.00,66.6,0.00,62.0,0.00
194708,57.5,0.10,77.8,0.00,66.5,0.01,71.2,0.00,68.1,0.00,63.9,0.00
194709,56.9,0.59,77.2,0.00,67.0,0.03,72.1,0.01,68.3,0.18,62.4,0.00
194710,56.4,6.50,65.4,0.81,62.8,0.25,60.9,2.51,63.7,0.08,60.9,-99.00
194711,48.3,1.72,50.7,0.43,55.3,0.03,48.5,1.01,55.5,0.72,52.3,0.94
194712,47.5,3.10,45.4,0.42,53.5,0.98,44.0,0.53,53.0,3.02,48.4,1.67
194801,46.7,8.24,51.4,0.00,53.3,0.15,47.3,0.38,52.9,0.00,51.7,0.31
194802,44.6,5.20,49.2,0.78,51.3,1.00,46.5,0.80,51.3,1.07,48.9,1.59
194803,46.0,6.16,53.4,2.29,52.3,2.24,48.8,3.26,53.1,1.60,50.6,2.62
194804,47.9,6.54,60.0,2.28,57.6,0.63,52.8,2.63,58.4,0.13,53.3,2.78
194805,51.4,2.17,65.4,0.96,59.6,0.00,59.4,3.13,59.6,0.01,55.8,0.35
194806,55.2,0.77,75.9,0.01,62.2,0.04,68.5,0.00,61.8,0.02,61.1,0.05
194807,55.7,0.25,80.4,0.00,64.6,0.00,72.4,0.00,64.2,0.00,61.9,0.00
194808,57.3,0.13,79.0,0.00,65.3,0.00,71.3,0.00,65.5,0.00,62.4,0.00
194809,54.4,1.71,74.1,0.00,65.4,0.00,69.2,0.01,65.5,0.00,60.9,0.05
194810,52.8,3.33,65.2,0.08,61.4,0.03,61.8,1.39,61.3,1.32,59.7,0.31
194811,47.0,3.19,53.0,0.02,57.3,0.00,50.8,0.45,57.2,0.11,53.9,0.27
194812,43.3,7.36,44.6,1.24,51.0,2.22,41.2,4.84,50.8,2.38,46.5,4.07
194901,39.6,1.63,39.8,0.60,45.2,2.30,37.5,1.47,45.0,3.57,43.0,1.24
194902,44.9,6.09,47.4,0.73,49.6,1.55,44.6,1.76,49.9,1.81,47.7,2.65
194903,49.1,6.94,54.6,3.60,52.5,1.44,52.0,3.72,53.4,0.75,53.2,4.30
194904,49.9,0.41,65.8,0.01,58.5,0.01,60.7,0.00,58.5,0.09,54.6,0.00
194905,52.9,2.56,68.7,0.39,60.5,0.42,63.6,0.21,60.2,0.41,57.3,0.46
194906,53.3,0.06,78.7,0.00,65.2,0.00,71.8,0.00,64.4,0.00,61.1,0.00
194907,54.1,0.16,81.3,0.00,65.6,0.00,73.1,0.02,66.5,0.00,60.1,0.02
194908,58.0,0.02,77.2,0.00,66.6,0.00,70.8,0.03,67.4,0.00,62.0,0.08
194909,55.8,0.50,76.8,0.00,65.8,0.01,70.5,0.01,67.2,0.00,63.6,0.02
194910,50.0,2.03,64.2,0.00,60.9,0.00,60.4,0.13,61.5,0.23,57.9,0.06
194911,53.7,3.23,59.1,0.46,61.4,1.46,54.0,1.13,61.8,1.16,57.4,1.52
194912,44.9,4.48,45.8,0.78,51.4,2.21,42.3,1.93,52.1,0.86,47.8,2.35
195001,42.6,13.80,44.3,3.02,46.7,2.54,41.0,3.96,49.2,3.32,44.9,6.28
195002,47.0,4.61,53.1,1.84,51.8,2.04,49.3,2.88,52.8,1.63,49.9,2.61
195003,47.3,7.71,55.0,1.84,54.0,0.47,51.0,1.78,55.4,1.01,51.5,1.64
195004,48.4,1.94,64.5,0.82,58.0,0.41,59.8,0.62,57.8,0.28,55.1,0.98
195005,48.9,1.30,70.1,0.05,58.0,0.00,63.9,0.40,58.3,0.09,56.5,0.20
195006,53.5,1.04,74.4,0.00,61.1,0.02,67.9,0.02,61.3,0.00,59.6,0.07
195007,54.6,0.06,84.0,0.02,67.0,0.03,75.0,0.01,66.8,0.08,62.5,0.00
195008,56.6,0.07,80.9,0.00,64.1,0.00,74.6,0.00,65.4,0.00,63.0,0.00
195009,54.7,0.35,73.8,0.13,64.3,0.11,70.1,0.35,64.6,0.00,64.5,0.11
195010,56.3,13.04,67.6,1.19,63.2,0.12,62.6,2.44,63.9,0.01,61.3,1.98
195011,53.9,3.43,59.8,1.86,59.5,0.95,56.1,4.80,59.6,1.23,60.2,2.90
195012,52.9,5.99,52.6,1.60,57.3,0.01,49.3,4.55,56.9,0.05,54.1,4.78
195101,46.2,8.46,47.2,1.94,52.2,2.82,44.4,1.97,52.8,1.59,49.2,2.99
195102,47.8,7.56,51.5,1.60,51.6,0.84,49.0,1.62,52.8,0.50,50.7,1.81
195103,44.9,3.94,55.2,0.31,55.1,0.38,52.5,0.66,55.9,0.50,52.2,1.31
195104,48.3,2.06,62.7,1.58,56.5,1.37,57.4,0.69,57.9,1.94,52.7,0.66
195105,52.1,1.39,69.9,0.02,58.6,0.02,64.4,0.47,59.3,0.00,58.8,0.45
195106,52.4,0.00,75.8,0.06,62.7,0.00,68.6,0.00,62.9,0.00,59.7,0.01
195107,55.0,0.06,80.8,0.00,66.8,0.00,72.3,0.00,66.5,0.00,59.6,0.00
195108,54.7,0.02,79.5,0.00,65.6,0.06,71.8,0.00,66.1,0.85,62.1,0.09
195109,54.3,0.79,76.6,0.00,65.6,0.00,70.3,0.14,64.9,0.04,62.7,0.00
195110,54.2,3.87,64.8,0.33,64.0,0.23,61.4,1.33,63.9,0.69,60.7,0.64
195111,51.2,7.80,57.1,1.03,59.0,0.71,52.6,2.85,58.7,1.24,54.5,2.57
195112,45.8,9.10,46.4,2.82,52.2,4.63,44.0,4.72,52.6,3.87,49.1,7.06
195201,44.3,10.67,46.8,3.59,50.5,7.24,43.1,7.96,51.5,4.25,47.6,8.96
195202,46.4,6.22,51.5,0.54,55.1,0.72,48.0,1.13,55.0,0.61,52.0,1.57
195203,44.5,3.78,51.7,3.57,52.3,4.33,49.6,4.14,53.1,4.98,51.7,4.62
195204,48.8,1.34,62.5,2.07,56.5,1.21,58.4,1.33,56.9,1.54,55.5,0.48
195205,51.9,1.77,71.3,0.00,60.5,0.00,65.1,0.03,61.2,0.00,57.6,0.24
195206,53.0,1.98,70.6,0.01,61.1,0.00,64.6,0.25,61.1,0.14,58.6,0.19
195207,54.5,0.00,83.3,0.00,63.9,0.00,74.1,0.01,65.4,0.00,63.2,0.00
195208,55.1,0.01,80.7,0.00,66.5,0.00,73.1,0.00,67.4,0.00,61.0,0.00
195209,54.9,0.74,77.2,0.09,66.1,0.06,72.4,0.00,67.6,0.00,63.5,0.00
195210,53.6,0.62,69.8,0.02,61.5,0.00,64.8,0.00,62.3,0.00,59.5,0.08
195211,48.7,2.13,54.2,1.61,56.4,2.76,49.3,2.00,56.8,1.83,52.3,2.00
195212,47.5,11.87,48.5,4.06,53.5,2.28,46.0,7.10,53.6,2.20,51.0,9.35
195301,50.3,12.63,52.2,1.49,57.0,1.13,49.9,2.57,57.1,0.58,53.6,3.03
195302,46.4,3.44,50.0,0.09,55.7,0.10,49.8,0.20,54.2,0.58,50.7,0.00
195303,46.4,5.95,54.9,0.59,54.6,0.44,51.8,1.22,54.8,0.79,51.5,1.34
195304,48.1,3.18,61.0,0.96,55.4,1.78,56.7,2.13,56.1,0.34,53.0,1.67
195305,51.3,5.83,63.4,0.48,60.2,0.00,59.3,0.42,60.0,0.09,56.4,0.22
195306,53.3,1.24,70.9,0.32,62.3,0.00,66.6,0.63,61.9,0.14,59.4,0.34
195307,54.3,0.00,84.1,0.00,68.6,0.02,75.9,0.00,67.9,0.00,60.9,0.00
195308,58.0,0.42,77.1,0.00,65.0,0.00,70.4,0.07,67.1,0.00,62.9,0.03
195309,57.5,0.61,77.1,0.00,63.5,0.00,72.0,0.00,65.3,0.00,64.8,0.00
195310,53.7,3.84,64.9,0.18,63.4,0.00,61.4,0.32,64.6,0.07,59.3,0.24
195311,52.8,9.57,56.0,1.51,59.6,1.23,52.6,1.49,60.3,0.80,55.7,1.93
195312,47.4,3.63,47.4,0.51,54.9,0.06,46.5,0.55,54.8,0.03,51.7,0.41
195401,46.3,11.78,48.4,1.80,51.7,4.78,45.4,2.67,52.2,2.76,50.0,3.08
195402,47.6,3.29,51.2,1.13,59.0,3.36,48.1,3.59,58.4,1.03,51.7,2.37
195403,46.4,3.76,53.4,2.90,53.4,2.60,50.0,3.02,54.4,4.31,50.3,4.37
195404,49.6,2.78,65.6,0.48,56.6,0.11,60.9,1.62,58.1,0.09,57.2,1.04
195405,50.7,0.16,71.3,0.09,59.2,0.02,65.1,0.20,60.1,0.01,57.5,0.07
195406,53.8,2.57,73.3,0.29,62.7,0.01,68.7,0.00,62.2,0.03,59.6,0.15
195407,54.8,0.04,83.0,0.00,69.5,0.01,75.1,0.00,69.0,0.00,62.6,0.01
195408,56.0,1.25,76.2,0.00,68.5,0.04,69.4,0.34,68.2,0.00,61.9,0.01
195409,56.8,0.87,72.9,0.00,65.5,0.00,67.8,0.00,66.5,0.00,62.5,0.00
195410,53.2,1.47,65.3,0.00,60.2,0.00,61.1,0.01,61.3,0.00,60.2,0.04
195411,52.7,5.09,54.0,1.32,60.2,1.24,50.0,3.01,60.9,0.74,53.9,1.98
195412,47.4,9.65,45.4,1.83,55.3,0.74,42.7,4.41,55.3,0.55,48.2,4.24
195501,43.4,5.74,43.2,3.51,49.6,4.13,41.1,2.87,51.1,3.59,45.4,3.64
195502,43.8,1.83,48.7,1.46,52.9,0.88,46.9,1.02,52.6,0.56,49.4,1.51
195503,45.0,1.82,55.5,0.07,56.9,0.15,53.1,0.44,56.8,0.38,53.1,0.20
195504,46.2,5.56,56.5,1.48,56.5,2.20,52.9,2.31,56.8,0.90,51.4,1.54
195505,49.4,0.04,67.2,0.63,58.7,0.42,64.7,0.57,58.9,0.49,57.8,0.09
195506,52.2,0.12,73.9,0.00,61.6,0.07,68.6,0.00,61.9,0.00,59.8,0.00
195507,54.7,0.21,77.8,0.00,64.8,0.01,71.9,0.00,65.4,0.00,60.6,0.01
195508,52.6,0.00,81.8,0.00,68.1,0.00,74.2,0.00,69.6,0.11,60.5,0.00
195509,54.0,1.18,76.2,0.00,68.0,0.00,70.7,0.67,68.6,0.00,61.9,0.00
195510,51.5,2.64,66.6,0.00,59.8,0.00,62.7,0.47,60.4,0.00,59.6,0.01
195511,49.0,5.78,52.2,1.34,57.2,1.35,50.5,1.28,57.2,0.55,54.0,2.06
195512,49.4,11.63,51.7,6.73,53.2,0.94,48.7,12.65,54.3,0.33,52.2,12.30
195601,48.4,11.52,49.7,2.41,52.2,8.07,47.1,6.10,52.6,1.65,50.6,8.78
195602,44.2,7.47,47.1,0.65,50.3,0.51,46.1,1.91,50.7,0.22,48.2,3.12
195603,46.6,2.36,55.4,0.08,56.5,0.00,53.0,0.17,55.3,0.00,51.7,0.15
195604,48.8,0.31,61.2,1.39,56.3,2.07,57.5,1.44,55.9,1.56,54.3,1.15
195605,52.5,1.58,68.5,0.81,60.6,0.56,63.7,0.86,61.6,0.10,58.6,0.49
195606,54.3,1.71,75.9,0.00,64.0,0.00,71.0,0.00,63.5,0.00,61.6,0.00
195607,55.0,0.06,81.4,0.00,66.0,0.00,73.3,0.00,66.5,0.00,62.0,0.00
195608,56.1,0.00,77.6,0.00,66.8,0.00,71.1,0.00,66.9,0.00,62.4,0.00
195609,55.7,0.33,76.1,0.00,67.7,0.00,69.9,0.84,69.2,0.00,63.9,0.26
195610,52.7,5.47,63.1,1.00,62.4,0.01,59.9,1.23,62.9,0.68,58.4,1.16
195611,47.7,0.50,54.8,0.00,63.5,0.00,52.1,0.06,61.4,0.00,54.7,0.01
195612,45.4,7.18,46.1,0.31,56.5,0.49,43.2,0.17,57.0,0.18,48.7,0.48
195701,42.5,4.23,44.1,1.76,51.5,3.88,42.3,2.11,53.6,4.80,46.0,3.35
195702,48.2,4.36,54.9,1.51,56.8,1.94,51.1,4.19,57.3,0.50,53.1,3.86
195703,49.1,8.78,56.5,0.54,56.6,0.95,53.4,2.07,56.8,0.75,53.8,2.06
195704,49.8,1.96,62.2,1.38,56.8,1.33,59.5,1.50,57.9,0.84,56.9,1.58
195705,54.0,3.43,66.7,1.56,60.0,0.28,63.0,1.61,60.4,0.88,58.8,3.80
195706,56.5,0.30,78.7,0.16,66.2,0.06,73.8,0.00,65.4,0.26,63.9,0.01
195707,55.9,0.34,81.9,0.00,69.1,0.03,74.7,0.00,68.5,0.00,64.5,0.00
195708,57.6,0.02,78.1,0.00,69.5,0.00,71.7,0.00,70.4,0.00,62.9,0.00
195709,58.5,1.37,75.8,0.19,65.7,0.00,70.4,1.08,67.2,0.37,65.7,1.06
195710,55.4,6.01,64.2,0.43,62.9,1.28,60.0,0.92,62.8,1.76,61.2,2.87
195711,50.7,4.44,53.5,1.02,56.8,0.46,50.6,0.52,57.9,0.59,53.9,1.19
195712,49.0,5.69,46.9,1.90,57.5,2.10,44.3,2.99,58.6,1.38,49.7,4.18
195801,50.4,8.59,48.0,2.04,56.1,1.49,44.7,4.87,56.6,0.62,50.3,4.65
195802,53.1,10.81,55.3,4.11,56.9,6.26,52.9,7.72,57.7,3.15,55.6,9.53
195803,47.0,6.09,53.4,5.80,54.7,5.25,49.7,5.62,54.8,3.99,50.5,9.02
195804,50.6,3.67,60.8,2.71,61.3,2.04,58.7,4.00,60.9,1.65,56.5,6.36
195805,54.4,1.26,71.5,0.79,63.1,0.01,65.9,0.76,63.0,0.40,59.9,0.33
195806,58.6,0.71,74.4,0.02,65.6,0.00,69.7,0.23,65.1,0.00,62.9,0.35
195807,56.7,0.05,81.1,0.02,66.8,0.00,73.5,0.00,67.2,0.00,63.5,0.00
195808,56.9,0.00,84.9,0.01,70.1,0.02,77.4,0.01,70.2,0.00,65.6,0.00
195809,58.4,0.78,76.6,0.46,69.5,0.03,72.8,0.08,69.9,0.62,68.5,0.05
195810,53.7,1.17,70.8,0.00,68.8,0.32,66.3,0.24,68.1,0.01,61.9,0.10
195811,51.6,3.71,56.0,0.21,58.9,0.00,53.4,0.09,59.1,0.44,56.7,0.15
195812,51.6,4.06,51.2,0.32,57.8,0.01,49.3,0.77,59.1,0.06,54.7,1.77
195901,49.3,7.24,50.6,1.47,56.6,1.11,48.1,4.93,56.9,0.08,52.3,4.04
195902,46.6,10.65,51.3,3.66,53.3,3.72,48.4,4.11,54.2,3.76,51.2,4.66
195903,48.6,3.37,59.3,0.09,59.9,0.00,56.2,0.54,60.4,0.00,56.1,0.30
195904,49.8,0.52,67.2,0.54,61.0,0.39,62.8,0.21,61.8,0.31,58.4,0.37
195905,51.5,0.91,66.5,0.09,60.7,0.00,63.6,0.00,61.5,0.00,58.1,0.04
195906,55.3,0.25,78.0,0.00,65.3,0.00,73.3,0.00,65.4,0.00,62.2,0.00
195907,55.2,0.00,84.8,0.00,71.4,0.00,76.7,0.00,70.8,0.00,64.0,0.00
195908,55.4,0.01,79.4,0.01,69.5,0.00,72.8,0.00,70.7,0.00,64.8,0.00
195909,57.0,1.54,73.5,0.92,69.1,0.04,68.6,1.61,68.7,0.04,63.3,2.30
195910,54.9,0.74,68.1,0.00,65.0,0.01,65.3,0.00,64.4,0.23,64.5,0.00
195911,49.7,0.28,56.6,0.00,62.5,0.06,53.4,0.02,62.5,0.02,56.0,0.00
195912,46.8,3.64,48.0,0.43,57.1,1.11,45.7,1.36,57.3,1.44,50.9,1.97
196001,47.7,3.88,48.5,2.09,52.1,2.83,45.4,3.44,52.0,2.99,49.0,4.49
196002,47.7,7.48,51.1,2.37,54.1,2.90,49.8,3.34,54.0,1.45,51.9,4.38
196003,49.7,8.14,58.4,0.67,56.3,0.21,55.3,1.43,57.5,0.55,55.8,1.17
196004,50.1,2.91,61.7,1.50,60.0,2.00,58.3,1.31,60.3,0.56,55.9,0.73
196005,52.6,6.05,67.8,0.02,62.6,0.00,62.9,0.55,62.3,0.17,57.1,0.54
196006,53.7,0.00,81.6,0.00,64.6,0.00,74.9,0.00,63.9,0.00,64.9,0.00
196007,53.6,0.02,84.5,0.00,68.1,0.00,76.8,0.01,68.6,0.00,62.8,0.00
196008,54.6,0.04,80.1,0.00,67.2,0.00,73.8,0.00,68.7,0.00,62.0,0.00
196009,52.8,0.01,76.8,0.02,68.7,0.00,70.8,0.00,69.7,0.06,62.4,0.00
196010,53.8,1.31,64.7,0.09,63.2,0.00,62.2,0.00,63.4,0.04,60.1,0.28
196011,50.3,9.88,53.2,2.75,57.0,2.67,50.8,4.25,57.9,1.01,53.3,4.15
196012,48.0,5.08,45.2,0.07,53.6,0.06,44.4,0.87,53.8,0.22,49.0,1.16
196101,49.8,4.54,44.0,1.52,57.6,1.27,40.9,3.47,58.2,1.20,47.2,2.63
196102,49.4,7.54,53.2,0.40,56.6,0.00,51.2,1.25,56.5,0.06,53.5,1.19
196103,49.0,7.89,55.0,1.04,55.6,0.46,52.2,2.02,56.4,0.85,53.1,3.39
196104,48.5,3.49,63.0,0.57,58.4,0.02,58.5,0.46,59.4,0.00,56.4,1.25
196105,51.8,3.98,65.5,0.40,59.6,0.00,60.4,0.19,59.0,0.01,55.4,0.60
196106,55.7,0.50,80.4,0.01,63.8,0.00,74.1,0.01,62.2,0.00,63.6,0.10
196107,56.0,0.03,84.1,0.00,69.9,0.01,77.6,0.00,67.5,0.00,64.5,0.00
196108,56.4,0.30,82.7,0.10,68.9,0.30,76.2,0.03,70.0,0.04,64.9,0.05
196109,54.6,0.53,73.5,0.00,66.9,0.04,69.6,0.17,67.0,0.00,64.5,0.41
196110,51.8,2.29,65.4,0.00,64.5,0.00,63.0,0.03,64.2,0.20,61.0,0.03
196111,48.8,5.65,53.0,1.60,57.8,1.89,51.1,3.13,57.8,0.79,53.2,4.37
196112,45.7,3.44,44.8,1.32,52.8,1.07,43.1,2.47,53.6,1.45,47.5,1.82
196201,44.5,3.26,42.5,1.12,54.8,2.68,40.8,1.00,54.2,2.71,47.4,1.70
196202,46.9,6.08,49.3,5.97,52.5,11.07,46.6,8.77,54.0,3.09,50.4,8.49
196203,47.4,4.04,53.2,1.04,52.4,1.11,50.1,1.69,53.2,0.64,50.8,2.98
196204,49.7,2.62,65.8,0.02,59.3,0.00,60.4,0.15,59.2,0.01,56.2,0.34
196205,51.5,0.60,66.0,0.20,60.3,0.06,62.5,0.03,60.0,0.62,57.2,0.00
196206,52.4,0.11,76.9,0.00,61.9,0.00,70.6,0.01,61.4,0.09,60.3,0.00
196207,53.0,0.00,82.0,0.00,64.8,0.00,74.0,0.00,65.7,0.00,60.6,0.00
196208,57.0,1.92,79.9,0.00,68.3,0.00,73.9,0.13,68.0,0.00,64.0,0.03
196209,56.4,0.71,75.8,0.00,66.5,0.00,69.9,0.06,65.9,0.00,61.2,0.09
196210,53.9,6.49,65.0,0.73,63.4,0.07,61.3,7.52,62.1,0.01,59.8,7.30
196211,51.6,6.78,56.2,0.03,58.5,0.02,53.6,0.39,57.3,0.01,55.7,0.36
196212,48.9,2.58,48.5,0.48,55.3,0.01,45.0,1.84,53.9,0.22,49.9,2.96
196301,45.2,1.70,43.3,2.16,54.0,0.62,40.0,4.71,52.5,0.11,45.7,4.47
196302,54.5,4.75,57.5,2.01,59.9,4.48,54.9,2.10,58.7,1.22,56.2,2.04
196303,48.4,6.28,54.4,2.10,55.3,2.43,50.0,4.25,54.9,1.33,52.1,3.94
196304,49.4,10.68,57.0,3.67,56.0,1.41,52.6,3.54,56.2,0.72,53.1,3.71
196305,53.1,1.74,68.7,0.39,61.6,0.02,61.0,0.69,61.1,0.09,57.3,0.50
196306,53.7,0.33,74.2,0.03,64.4,0.24,69.1,0.00,62.2,0.28,59.1,0.00
196307,56.4,0.11,79.6,0.00,67.5,0.00,72.9,0.00,65.7,0.00,62.7,0.00
196308,56.4,0.07,79.3,0.01,69.7,0.01,74.1,0.00,69.5,0.00,63.9,0.00
196309,58.6,0.69,77.6,0.15,73.3,1.13,72.9,0.47,71.8,1.90,66.6,0.07
196310,56.2,5.42,66.5,0.95,66.6,0.42,63.2,1.09,65.6,0.13,62.4,1.34
196311,51.8,6.92,53.1,2.54,60.5,2.76,50.5,4.35,58.6,1.85,54.4,3.29
196312,49.4,3.20,41.1,0.27,56.7,0.00,40.2,0.45,56.0,0.10,46.5,0.55
196401,45.9,11.13,44.9,0.67,54.0,1.49,44.1,3.83,52.7,1.30,48.3,4.39
196402,46.3,1.20,48.4,0.00,54.8,0.00,48.3,0.15,54.2,0.37,51.2,0.27
196403,44.9,5.90,52.4,1.27,54.7,1.20,51.3,1.36,55.2,0.97,52.1,1.96
196404,46.4,0.67,59.9,0.50,56.9,0.20,57.9,0.17,57.7,0.20,54.4,0.01
196405,49.6,1.59,66.0,0.35,57.2,0.01,62.0,0.23,58.4,0.15,54.8,0.32
196406,54.0,0.72,74.4,0.06,60.9,0.29,69.0,0.39,61.4,0.08,61.9,0.60
196407,55.8,0.83,82.0,0.00,65.6,0.00,74.9,0.01,66.7,0.00,63.7,0.00
196408,56.2,0.04,80.0,0.25,68.2,0.00,74.8,0.11,68.1,0.00,64.9,0.01
196409,54.5,0.07,72.1,0.00,65.5,0.00,69.3,0.00,65.2,0.00,64.1,0.00
196410,54.2,1.82,69.3,1.23,65.8,0.30,65.7,1.72,66.1,0.02,61.6,1.26
196411,49.2,12.11,52.2,1.49,57.7,1.07,49.3,2.70,56.6,1.01,52.3,3.31
196412,47.8,10.97,50.0,2.63,53.9,1.95,48.7,6.03,53.1,1.17,51.9,5.43
196501,46.5,5.82,47.4,1.05,54.4,0.43,44.4,3.01,53.4,0.40,49.1,4.37
196502,45.0,1.36,50.6,0.43,54.0,0.34,48.2,0.41,53.4,0.52,51.0,0.92
196503,47.8,1.23,56.6,2.39,56.2,1.64,52.0,1.48,56.0,1.79,53.0,1.77
196504,49.3,5.60,61.8,1.75,57.3,4.51,56.3,2.70,58.2,3.58,55.2,3.47
196505,49.1,0.44,68.5,0.00,59.3,0.00,63.4,0.09,59.9,0.00,55.9,0.00
196506,51.2,0.35,72.5,0.00,61.6,0.03,66.0,0.00,61.2,0.01,58.9,0.00
196507,54.0,0.00,79.9,0.00,64.5,0.00,73.3,0.00,65.2,0.02,60.9,0.00
196508,58.1,0.36,79.9,0.02,70.3,0.12,74.6,0.65,69.5,0.00,63.9,0.29
196509,53.2,0.00,69.6,0.00,66.8,0.11,66.6,0.00,66.0,0.29,61.7,0.00
196510,55.0,0.71,66.8,0.30,68.2,0.00,64.9,0.11,66.9,0.00,63.2,0.00
196511,53.9,5.21,55.8,2.70,59.3,6.38,53.6,2.93,58.8,5.83,55.8,5.40
196512,46.2,5.22,43.0,1.73,53.9,3.26,40.0,2.44,53.0,6.59,45.6,5.02
196601,47.0,9.44,44.4,0.53,52.3,0.84,44.7,1.91,51.8,1.30,48.2,2.70
196602,45.8,3.12,48.3,0.54,51.7,1.40,46.5,1.56,52.5,0.86,49.4,3.18
196603,47.3,6.57,57.4,0.01,56.3,0.49,53.3,0.14,56.0,0.17,52.2,0.60
196604,49.6,1.34,66.6,0.15,60.5,0.01,61.8,0.47,59.2,0.00,58.5,0.40
196605,49.7,0.06,72.0,0.10,62.2,0.02,65.4,0.25,61.4,0.02,58.0,0.12
196606,54.7,0.30,77.4,0.07,65.3,0.00,71.5,0.02,64.4,0.00,62.1,0.04
196607,55.9,0.25,79.3,0.03,66.2,0.01,71.9,0.10,67.1,0.00,61.2,0.03
196608,55.2,0.50,82.0,0.00,70.4,0.00,75.9,0.00,70.5,0.00,62.9,0.09
196609,57.2,1.33,73.9,0.03,67.6,0.19,71.0,0.07,67.8,0.00,64.7,0.08
196610,52.5,1.02,65.8,0.00,65.2,0.04,63.1,0.00,65.5,0.80,61.1,0.00
196611,51.8,9.86,57.9,1.57,59.8,2.69,53.7,5.73,59.8,0.83,55.4,4.79
196612,48.8,6.52,46.3,3.04,54.9,3.67,45.1,3.53,55.1,3.22,49.7,3.96
196701,46.6,8.87,47.1,2.20,53.9,2.71,44.9,8.42,53.0,2.20,49.8,10.43
196702,46.8,1.47,50.0,0.22,57.2,0.05,47.4,0.41,55.7,0.00,52.0,0.09
196703,46.0,7.44,55.5,3.15,56.2,1.47,49.7,3.91,56.9,1.14,53.1,5.05
196704,45.4,5.30,53.6,4.41,52.1,2.68,48.6,3.41,54.5,2.24,51.5,5.31
196705,51.1,1.52,69.8,0.19,61.1,0.03,64.1,0.13,61.4,0.06,59.1,0.26
196706,53.8,0.32,75.3,0.14,61.9,0.00,68.4,0.60,61.5,0.16,60.0,0.86
196707,55.7,0.00,84.8,0.00,68.1,0.00,77.0,0.00,68.3,0.01,63.4,0.00
196708,56.0,0.00,84.6,0.00,71.8,0.00,78.0,0.00,71.0,0.14,63.4,0.00
196709,58.4,1.32,78.5,0.00,70.0,0.44,73.8,0.04,69.9,0.08,67.0,0.01
196710,56.2,2.15,67.0,0.07,67.2,0.00,64.5,0.24,66.0,0.00,64.1,0.48
196711,52.6,4.40,57.8,1.55,62.9,7.47,55.1,1.18,62.0,3.53,58.4,1.29
196712,44.3,4.34,43.6,1.04,53.4,1.05,43.0,1.29,53.4,1.66,48.7,3.50
196801,45.9,7.59,45.8,1.05,54.5,0.84,42.4,3.77,55.1,0.35,47.1,5.25
196802,52.4,2.93,56.9,1.10,58.7,0.44,53.5,2.13,58.6,0.22,55.2,1.44
196803,49.8,3.85,56.9,1.49,58.2,3.77,54.0,2.39,58.3,1.55,55.2,3.03
196804,47.4,0.40,62.5,0.70,59.4,0.49,58.8,0.42,58.9,0.34,55.6,0.55
196805,51.6,1.05,69.1,0.24,60.7,0.00,63.7,0.16,60.5,0.08,56.9,0.28
196806,54.7,0.20,79.0,0.00,64.4,0.00,72.9,0.15,63.1,0.00,62.0,0.00
196807,55.6,0.04,83.4,0.00,66.5,0.04,75.2,0.00,68.4,0.13,62.5,0.00
196808,58.6,1.98,78.3,0.00,66.7,0.00,72.0,0.02,68.9,0.00,65.4,0.06
196809,56.7,0.60,74.8,0.00,66.8,0.00,71.1,0.00,69.3,0.00,64.8,0.00
196810,52.6,2.81,64.4,1.54,63.5,0.32,61.0,0.60,63.7,0.04,60.1,0.45
196811,51.1,5.89,52.9,1.94,59.9,0.24,51.3,2.49,59.3,0.37,55.1,2.47
196812,45.8,8.32,44.4,2.43,52.5,1.42,42.5,2.77,52.2,0.61,48.4,4.49
196901,43.3,13.91,45.8,8.56,55.2,9.61,43.0,8.50,56.5,4.79,47.7,8.93
196902,45.4,7.81,48.6,5.61,52.1,3.76,46.4,6.98,53.9,4.34,49.5,8.62
196903,47.6,1.56,54.1,1.16,54.6,0.42,51.4,0.94,55.2,0.94,52.8,1.34
196904,49.0,3.22,60.7,1.64,58.5,0.38,56.1,1.63,59.8,0.21,54.7,1.87
196905,52.7,1.01,71.5,0.06,61.3,0.00,65.9,0.04,61.3,0.17,60.1,0.00
196906,55.8,0.34,73.9,0.04,63.7,0.00,68.0,0.08,63.3,0.02,61.8,0.06
196907,54.9,0.06,82.0,0.04,67.3,0.15,75.3,0.00,67.7,0.00,62.9,0.00
196908,55.0,0.00,80.7,0.00,69.2,0.00,76.9,0.00,70.9,0.01,63.7,0.00
196909,55.8,0.36,76.8,0.04,65.3,0.01,73.0,0.02,67.8,0.00,64.5,0.02
196910,54.5,3.20,60.7,0.06,64.3,0.00,59.9,0.72,63.3,0.04,61.9,1.96
196911,50.6,3.49,54.2,0.80,62.4,1.37,52.9,0.60,61.4,0.80,56.7,0.69
196912,50.5,9.61,47.3,1.14,56.9,0.01,47.0,4.41,56.4,0.46,54.4,4.59
197001,51.3,12.46,50.1,3.83,55.1,1.44,48.3,7.89,54.3,0.86,53.1,8.34
197002,50.6,3.15,53.7,1.28,58.9,1.39,50.9,1.58,57.0,2.58,55.5,2.18
197003,49.1,2.70,56.4,1.65,57.5,1.29,53.9,1.62,57.7,1.50,56.9,1.22
197004,46.7,1.54,58.0,0.21,57.5,0.00,55.1,0.18,57.4,0.09,54.4,0.22
197005,51.5,1.38,71.9,0.00,61.5,0.00,66.5,0.00,60.9,0.01,61.1,0.01
197006,53.5,0.29,77.6,0.08,63.9,0.01,70.5,0.16,62.9,0.00,61.2,0.36
197007,54.1,0.00,84.3,0.00,66.9,0.00,75.8,0.00,67.6,0.00,63.5,0.00
197008,54.6,0.00,80.9,0.00,67.6,0.00,73.7,0.00,70.1,0.00,62.3,0.00
197009,54.9,0.32,74.0,0.00,67.4,0.00,71.8,0.00,67.0,0.00,66.1,0.00
197010,51.8,2.11,64.5,0.01,64.2,0.02,61.1,0.84,63.6,0.07,59.1,0.75
197011,52.8,13.20,56.5,2.30,59.4,3.68,54.2,7.41,58.7,2.05,56.6,6.41
197012,46.7,10.25,47.4,2.51,54.2,4.12,45.1,3.41,52.7,2.22,49.4,6.21
197101,45.0,5.41,46.7,0.40,53.7,0.66,44.3,0.91,51.6,0.30,48.9,1.27
197102,45.5,3.28,48.7,0.29,54.9,0.36,47.2,0.56,52.7,1.27,50.6,0.26
197103,46.4,7.91,55.4,0.58,55.0,0.23,51.5,2.05,55.1,0.20,52.8,2.68
197104,47.3,2.93,60.1,1.04,57.0,0.68,55.4,0.45,58.0,0.94,53.6,0.76
197105,49.9,1.28,65.3,1.40,59.6,0.18,60.8,0.78,58.7,0.95,57.0,0.25
197106,53.5,1.52,75.5,0.00,62.9,0.00,69.5,0.01,62.2,0.01,60.7,0.00
197107,54.4,0.16,83.0,0.00,67.7,0.00,75.2,0.00,66.6,0.00,61.3,0.00
197108,59.2,0.55,82.1,0.00,72.4,0.00,75.8,0.00,72.7,0.03,65.8,0.00
197109,55.9,2.08,74.4,0.04,69.1,0.00,71.2,0.00,69.5,0.00,66.8,0.11
197110,49.9,0.93,61.9,0.03,63.2,0.28,60.2,0.13,63.0,1.66,57.6,0.03
197111,48.6,6.37,51.7,0.65,57.4,0.22,51.7,0.87,56.8,0.06,53.8,0.99
197112,44.2,6.39,43.6,2.57,51.0,5.70,42.0,4.05,51.5,3.27,46.7,3.44
197201,43.8,7.96,41.3,0.37,52.1,0.00,40.0,0.81,52.2,0.07,46.3,1.09
197202,48.3,5.94,53.2,0.67,55.1,0.16,50.4,1.28,55.1,0.10,52.7,1.35
197203,50.4,5.08,61.4,0.00,58.0,0.00,57.6,0.30,57.5,0.00,56.0,0.19
197204,48.3,2.28,61.8,0.27,59.7,0.00,57.6,1.39,59.6,0.02,56.0,1.20
197205,50.4,1.11,70.6,0.15,62.3,0.01,65.8,0.28,62.0,0.10,58.3,0.00
197206,53.9,0.88,78.3,0.60,65.2,0.06,71.5,0.19,64.3,0.39,61.5,0.06
197207,57.0,0.01,82.2,0.00,68.6,0.00,75.0,0.00,70.0,0.00,65.0,0.00
197208,57.5,0.07,80.4,0.00,71.0,0.06,74.9,0.00,69.5,0.02,64.6,0.00
197209,55.0,1.06,72.5,0.29,68.0,0.03,68.5,0.90,66.0,0.44,63.2,0.30
197210,53.4,1.97,63.3,0.22,64.6,1.79,61.0,1.75,62.9,0.58,61.6,5.24
197211,51.1,5.41,50.9,3.50,58.4,3.13,48.7,5.15,57.1,3.16,53.9,5.15
197212,45.0,7.43,41.6,1.41,55.0,1.88,39.5,1.89,54.8,1.61,45.6,2.41
197301,46.5,6.47,45.8,1.91,52.8,3.16,43.3,6.87,52.9,1.68,48.6,8.32
197302,49.9,3.85,52.6,3.69,56.7,4.87,52.1,5.64,57.2,1.64,53.5,6.82
197303,46.7,7.10,51.1,2.85,53.7,2.43,50.1,2.76,55.4,2.26,52.0,2.93
197304,49.4,0.35,61.9,0.09,58.2,0.00,59.7,0.05,58.8,0.05,57.4,0.11
197305,51.3,0.85,73.7,0.00,60.6,0.01,68.3,0.13,60.7,0.00,59.3,0.07
197306,54.3,0.24,79.3,0.00,64.9,0.00,73.6,0.00,65.3,0.00,64.1,0.00
197307,54.8,0.00,81.1,0.00,66.2,0.00,75.8,0.00,66.4,0.00,62.7,0.00
197308,54.1,0.08,79.2,0.00,67.3,0.02,73.2,0.00,67.7,0.00,61.3,0.00
197309,56.4,2.35,72.8,0.00,65.7,0.00,69.8,0.33,66.2,0.02,64.1,0.04
197310,51.3,4.14,64.0,1.02,63.9,0.08,62.4,1.65,64.1,0.01,61.3,1.60
197311,50.7,16.57,53.6,1.39,57.7,1.92,50.9,6.28,57.9,1.63,54.5,7.94
197312,50.5,7.02,47.9,1.74,56.5,0.46,45.8,2.79,55.5,0.19,50.6,3.55
197401,46.0,6.03,48.6,2.82,52.5,5.68,45.2,3.58,54.2,2.96,49.2,3.21
197402,45.3,5.98,49.8,0.25,55.7,0.13,47.4,1.37,55.5,0.04,50.3,1.70
197403,49.3,6.97,57.0,2.56,54.8,2.49,53.1,3.27,56.4,1.70,54.0,4.22
197404,48.9,3.15,60.7,0.64,57.8,0.14,55.5,0.96,59.3,0.02,55.4,2.33
197405,50.3,0.43,70.2,0.00,61.1,0.02,62.8,0.01,60.6,0.01,56.8,0.00
197406,53.3,0.33,78.3,0.00,64.8,0.00,69.4,0.50,64.3,0.02,61.0,0.14
197407,56.9,0.11,82.0,0.00,68.7,0.00,73.1,0.79,68.7,0.01,63.7,0.23
197408,56.9,0.32,80.0,0.00,67.8,0.00,73.0,0.00,67.5,0.00,64.3,0.00
197409,54.9,0.00,78.2,0.00,67.1,0.00,71.2,0.00,67.6,0.00,63.1,0.00
197410,52.4,1.76,66.7,1.44,64.1,0.54,65.2,1.16,64.0,1.03,62.7,0.93
197411,50.4,2.75,53.9,0.34,60.9,0.00,52.2,0.66,59.5,0.14,54.4,0.50
197412,47.9,6.41,45.8,1.26,54.0,3.76,45.4,2.86,53.6,2.20,49.3,2.36
197501,45.0,5.20,44.7,0.69,55.0,0.01,42.4,0.74,53.4,0.49,48.0,2.60
197502,47.3,7.68,51.1,0.97,53.8,3.21,48.2,4.60,53.7,0.96,51.5,3.94
197503,46.8,10.73,53.9,2.44,53.9,2.99,49.3,4.28,54.8,3.79,52.0,5.91
197504,45.8,3.29,55.7,0.55,54.9,0.74,50.7,0.81,56.0,2.00,51.2,1.65
197505,50.6,1.06,69.9,0.00,59.3,0.04,65.6,0.00,59.4,0.01,59.0,0.02
197506,52.4,0.58,76.9,0.00,62.7,0.00,69.3,0.00,62.3,0.02,60.5,0.04
197507,56.2,0.10,80.3,0.00,67.1,0.00,72.2,0.04,66.6,0.00,62.5,0.13
197508,54.6,0.58,78.0,0.05,66.4,0.00,71.5,0.23,66.2,0.00,63.6,0.21
197509,54.5,0.01,77.7,0.22,68.4,0.00,70.9,0.00,68.8,0.00,62.0,0.00
197510,53.4,6.78,63.9,1.07,63.6,0.24,60.7,2.03,63.2,0.09,59.5,2.28
197511,47.8,4.72,51.3,0.20,58.8,0.00,50.1,0.29,57.7,0.64,52.9,0.26
197512,46.6,5.38,45.6,0.14,55.8,0.10,45.5,0.18,54.2,0.37,50.0,0.21
197601,45.7,1.88,46.0,0.04,58.2,0.00,45.3,0.36,56.2,0.00,49.2,0.37
197602,46.2,7.52,52.0,4.73,56.1,2.15,49.7,1.49,56.9,5.39,51.2,2.13
197603,44.9,3.12,54.6,0.44,56.6,0.83,51.7,0.44,57.6,0.99,51.7,1.22
197604,47.7,2.80,58.3,0.93,56.2,0.78,55.5,1.53,58.3,1.33,53.9,0.92
197605,50.3,0.54,71.6,0.00,61.4,0.00,66.9,0.00,62.5,0.27,58.9,0.00
197606,52.0,0.15,75.2,0.37,66.2,0.28,70.7,0.04,67.0,0.02,63.8,0.01
197607,56.7,0.20,81.2,0.01,68.2,0.02,74.6,0.00,68.4,0.02,63.2,0.00
197608,57.1,1.70,74.8,0.21,67.5,0.03,69.9,0.65,69.7,0.01,65.0,0.67
197609,55.4,0.04,74.5,1.19,68.6,1.85,70.6,0.52,71.1,1.00,63.9,0.30
197610,53.6,0.29,67.2,1.55,67.4,1.50,65.4,0.02,68.4,0.38,62.0,0.34
197611,51.4,2.98,55.5,0.87,64.1,0.87,54.2,0.55,64.1,0.75,57.7,1.37
197612,46.7,0.52,46.1,0.71,58.3,0.95,45.1,0.65,57.9,1.06,49.5,2.70
197701,46.7,1.91,43.9,0.69,55.7,3.21,42.8,1.17,57.6,2.37,47.7,2.22
197702,49.7,2.24,53.1,0.09,58.8,0.26,51.5,1.17,59.0,0.06,53.8,1.04
197703,45.4,4.33,51.9,1.04,54.2,1.23,50.4,1.28,54.8,0.61,51.5,2.01
197704,48.5,1.20,65.0,0.04,59.3,0.00,61.6,0.30,58.7,0.01,56.1,0.00
197705,50.7,2.10,63.2,1.16,59.3,2.55,58.8,0.73,59.2,1.79,56.4,0.41
197706,53.4,0.07,79.4,0.06,63.3,0.00,71.6,0.00,63.1,0.03,61.0,0.00
197707,54.3,0.00,81.0,0.00,66.8,0.00,73.6,0.00,68.9,0.00,63.1,0.35
197708,57.6,0.20,80.2,0.00,69.1,2.47,73.3,0.00,70.4,2.13,64.7,0.00
197709,55.5,3.35,73.5,0.00,66.9,0.00,68.3,0.76,69.5,0.00,64.1,0.47
197710,53.0,2.80,66.3,0.01,64.4,0.00,63.3,0.13,66.2,0.50,61.2,0.15
197711,49.7,4.51,54.1,0.46,62.9,0.04,53.9,1.92,62.2,0.06,56.0,2.20
197712,49.8,6.60,50.8,3.02,59.1,3.92,49.0,4.27,60.5,1.67,53.0,3.69
197801,50.6,4.52,51.0,3.16,56.8,7.48,49.7,9.14,58.3,5.95,53.1,8.89
197802,49.5,6.06,52.1,4.41,56.4,7.67,51.3,4.46,58.2,2.64,53.4,4.92
197803,52.4,2.88,59.8,4.25,60.3,5.75,56.6,3.39,61.6,5.00,57.7,4.90
197804,49.6,4.10,58.5,2.85,57.3,1.23,55.2,2.31,60.7,0.74,55.6,4.50
197805,52.4,0.82,69.5,0.00,63.7,0.00,65.9,0.00,65.5,0.04,61.0,0.02
197806,55.1,0.34,75.8,0.00,65.8,0.00,69.4,0.00,68.6,0.00,61.0,0.00
197807,55.8,0.03,81.9,0.00,65.9,0.00,74.5,0.00,68.9,0.00,62.1,0.00
197808,56.6,0.59,81.0,0.00,68.0,0.00,74.4,0.00,70.2,0.00,63.9,0.00
197809,56.2,2.72,72.5,1.06,71.8,0.39,69.0,0.30,71.2,0.72,66.4,0.26
197810,54.6,0.04,69.5,0.00,66.5,0.04,65.3,0.00,67.4,0.05,61.8,0.00
197811,47.0,2.41,51.6,1.35,57.2,1.20,49.2,3.20,58.9,2.09,53.1,1.67
197812,43.0,1.17,42.4,0.62,52.4,0.83,41.1,0.95,52.6,2.20,46.7,0.64
197901,45.3,3.83,46.6,2.72,52.8,5.26,44.7,5.66,54.1,5.83,48.1,6.62
197902,46.8,6.26,51.0,2.53,52.4,2.53,48.2,4.55,54.2,0.85,51.0,5.87
197903,49.1,1.70,56.9,2.28,55.7,4.74,54.0,2.47,57.5,3.70,55.1,2.74
197904,49.7,3.94,62.3,0.07,58.4,0.00,56.4,0.76,60.7,0.02,56.2,0.70
197905,52.7,2.25,70.6,0.06,61.8,0.00,66.1,0.14,62.8,0.09,61.1,0.13
197906,53.6,0.05,77.5,0.00,67.4,0.00,71.3,0.00,67.6,0.01,61.6,0.00
197907,56.4,0.31,81.8,0.08,66.6,0.00,75.0,0.25,69.1,0.09,64.4,0.09
197908,57.7,0.13,79.4,0.00,69.2,0.00,72.5,0.00,71.2,0.01,64.3,0.00
197909,60.5,1.15,79.0,0.00,72.0,0.04,74.0,0.00,73.6,0.00,67.9,0.00
197910,55.6,6.14,67.3,0.48,64.3,0.31,63.4,1.62,66.0,0.73,63.2,2.20
197911,50.7,6.19,53.5,1.02,59.2,0.22,51.5,1.48,59.7,0.27,54.7,1.94
197912,50.1,3.76,46.4,0.74,58.8,0.42,46.5,3.41,57.9,0.02,51.5,4.31
198001,46.6,3.19,49.0,3.83,57.8,6.97,46.7,5.65,58.4,5.58,51.2,4.85
198002,51.7,4.67,53.3,3.30,59.4,9.13,51.6,7.12,60.8,4.47,55.1,7.62
198003,46.9,6.15,53.2,2.05,56.5,3.70,51.4,2.62,58.8,2.71,53.6,2.65
198004,50.1,4.18,61.4,0.25,58.8,0.17,59.3,1.06,61.2,1.18,56.5,0.91
198005,50.6,1.71,66.7,0.18,58.3,0.07,62.5,0.49,61.1,0.65,56.9,0.24
198006,53.8,0.42,73.2,0.00,63.9,0.00,66.6,0.04,65.8,0.01,60.5,0.03
198007,55.7,0.00,83.5,0.01,66.9,0.00,74.7,0.40,70.2,0.00,63.6,0.10
198008,53.3,0.07,80.2,0.00,69.1,0.00,71.2,0.00,71.5,0.00,62.2,0.00
198009,54.9,0.14,75.1,0.00,65.3,0.00,69.2,0.00,67.7,0.00,63.9,0.00
198010,52.6,1.38,67.9,0.03,64.4,0.00,63.4,0.06,64.6,0.05,61.8,0.10
198011,49.6,2.49,54.4,0.14,60.6,0.00,53.2,0.13,59.9,0.00,56.2,0.12
198012,49.5,6.11,47.2,0.49,58.4,1.57,45.2,1.79,58.1,0.31,51.4,1.73
198101,50.8,7.67,48.3,2.67,57.7,1.51,46.6,4.56,58.6,1.48,51.7,5.92
198102,49.6,3.72,52.3,1.29,58.8,1.58,50.1,0.87,59.5,2.26,54.7,2.20
198103,48.5,4.64,54.8,2.59,56.3,3.24,51.0,3.56,58.4,3.75,53.9,3.60
198104,48.9,0.71,63.5,1.01,59.4,0.46,57.7,0.66,61.7,0.22,56.8,0.24
198105,51.6,2.02,71.2,0.00,63.0,0.00,64.4,0.50,64.6,0.04,59.6,0.07
198106,54.8,0.57,83.2,0.00,70.1,0.00,74.5,0.00,70.2,0.00,65.7,0.00
198107,53.5,0.00,85.2,0.00,69.8,0.00,74.9,0.00,72.9,0.00,62.3,0.00
198108,56.4,0.01,83.2,0.00,69.5,0.00,74.3,0.00,73.2,0.00,63.6,0.00
198109,56.2,0.97,76.8,0.00,67.8,0.05,69.4,0.25,70.9,0.03,63.3,0.28
198110,52.0,3.71,61.7,0.58,63.5,0.40,63.3,2.57,64.4,0.14,59.2,2.35
198111,52.5,9.39,55.8,1.22,60.3,2.63,60.0,6.09,60.8,1.79,57.0,4.90
198112,50.6,9.89,48.0,0.66,57.6,1.52,48.4,3.28,57.6,0.54,52.9,3.92
198201,43.7,4.75,42.0,2.11,52.8,2.78,40.9,5.50,53.9,2.71,45.7,8.81
198202,47.2,5.76,50.9,0.58,57.3,0.66,50.3,2.35,58.0,0.88,52.4,2.82
198203,46.7,7.06,51.7,4.76,55.7,3.41,50.2,7.13,57.8,4.75,52.0,7.63
198204,48.2,5.96,58.3,0.89,58.3,1.61,55.1,3.07,61.0,0.62,55.3,3.25
198205,50.7,0.07,69.6,0.00,60.7,0.11,65.2,0.00,63.1,0.01,58.0,0.00
198206,53.5,0.78,73.2,0.31,61.8,0.01,66.2,0.15,64.0,0.04,60.1,0.06
198207,54.9,0.08,81.3,0.00,67.5,0.00,72.9,0.00,69.2,0.00,62.8,0.00
198208,56.7,0.03,80.7,0.00,69.6,0.00,73.2,0.00,70.8,0.00,64.5,0.00
198209,55.6,0.63,72.7,1.10,69.8,0.78,69.0,1.81,70.4,0.38,64.8,0.96
198210,54.5,4.89,65.3,1.58,67.4,0.18,62.2,2.61,67.4,0.05,62.2,1.96
198211,49.5,7.83,51.4,3.17,59.4,3.48,48.2,5.74,59.4,2.10,52.6,5.35
198212,47.7,10.30,45.7,1.59,54.5,0.66,45.4,3.25,54.7,1.43,49.9,3.99
198301,47.8,8.48,45.5,5.14,57.0,5.25,42.6,4.93,58.0,2.09,48.6,6.83
198302,50.9,9.18,53.4,3.70,55.6,5.64,50.6,5.57,58.2,3.88,54.2,6.63
198303,50.8,10.72,56.2,4.53,56.0,6.37,52.3,6.75,59.3,6.57,53.8,8.50
198304,48.8,5.48,58.2,2.76,57.4,3.18,54.2,4.21,59.7,1.74,55.3,3.11
198305,52.0,1.12,69.0,0.01,61.2,0.04,64.2,0.25,63.5,0.01,59.0,0.32
198306,54.6,0.65,76.0,0.00,64.0,0.03,70.5,0.40,65.4,0.00,62.7,0.00
198307,56.5,0.89,78.0,0.00,68.3,0.00,73.1,0.00,69.8,0.01,65.0,0.01
198308,59.0,3.42,81.6,0.09,72.2,1.25,74.9,0.11,74.7,0.39,66.8,0.00
198309,57.7,0.87,78.3,1.03,71.1,1.91,74.1,0.66,74.1,0.22,68.2,0.57
198310,54.9,1.87,67.4,0.09,68.2,0.94,66.6,0.40,69.0,0.40,64.3,0.10
198311,50.7,10.41,54.8,2.51,59.6,2.74,52.9,4.93,60.6,1.94,55.4,6.03
198312,48.8,14.14,50.7,1.75,55.7,2.11,50.2,5.26,56.2,1.53,53.3,6.24
198401,47.7,0.76,47.3,0.15,56.9,0.39,47.4,0.17,58.5,0.46,51.2,0.46
198402,48.5,5.17,50.9,1.05,57.2,0.01,49.4,1.22,56.6,0.09,52.9,1.47
198403,50.5,4.70,58.9,0.48,60.0,0.14,57.3,1.35,60.6,0.04,57.0,1.36
198404,48.1,2.76,61.1,0.25,60.0,1.16,57.8,0.34,61.8,0.62,55.9,0.68
198405,52.3,2.52,73.2,0.02,64.7,0.00,69.1,0.01,65.2,0.00,61.8,0.00
198406,52.8,1.07,76.4,0.20,65.7,0.00,70.8,0.10,67.1,0.04,61.2,0.03
198407,56.2,0.03,85.7,0.00,69.9,0.00,77.5,0.00,73.9,0.19,65.6,0.00
198408,57.7,0.05,81.8,0.00,71.7,0.29,74.5,0.01,73.2,0.06,64.4,0.11
198409,56.3,0.55,79.3,0.00,75.1,0.09,74.6,0.07,75.9,0.00,69.7,0.05
198410,52.0,3.67,62.1,0.70,64.2,0.28,62.0,1.39,64.6,0.29,60.3,1.96
198411,49.6,15.15,53.4,1.94,57.3,1.24,52.8,3.61,57.6,2.37,53.8,6.11
198412,45.1,4.27,45.8,1.98,53.9,4.21,44.3,1.23,53.3,4.55,47.7,1.89
198501,46.7,0.66,42.7,0.43,54.1,0.70,41.6,0.66,54.6,0.52,46.3,0.74
198502,46.2,3.69,50.1,0.71,55.2,1.91,50.6,1.52,54.9,0.77,51.5,2.35
198503,45.8,4.68,51.9,1.73,53.9,0.72,50.0,2.01,54.5,0.58,51.3,3.31
198504,49.9,0.45,66.0,0.12,59.3,0.00,60.6,0.00,62.0,0.32,58.9,0.12
198505,52.1,1.15,68.2,0.00,59.8,0.16,62.4,0.01,60.9,0.00,58.6,0.05
198506,54.9,0.89,80.6,0.33,64.7,0.00,74.2,0.15,65.6,0.00,65.2,0.29
198507,56.8,0.15,84.7,0.04,70.0,0.00,76.2,0.00,73.6,0.00,65.1,0.03
198508,56.8,0.52,79.2,0.02,68.6,0.00,72.1,0.06,70.2,0.00,64.1,0.02
198509,55.0,1.07,71.1,0.43,67.3,0.28,67.7,0.56,67.7,0.20,62.5,0.18
198510,52.8,4.07,63.8,0.85,65.7,0.36,62.4,0.53,66.0,0.30,61.0,0.69
198511,44.9,2.98,51.3,3.03,57.2,4.75,49.0,3.72,58.5,4.93,51.9,3.19
198512,46.0,2.78,42.6,0.72,57.8,0.44,41.8,2.34,57.1,1.06,47.8,1.61
198601,52.6,7.19,52.4,2.13,60.9,2.31,50.6,3.67,61.1,0.75,54.7,4.04
198602,51.0,10.09,54.4,3.66,57.3,5.36,53.9,8.60,58.6,2.59,56.2,8.10
198603,51.3,6.12,59.1,3.42,57.9,4.89,58.0,3.20,60.3,3.12,57.9,5.84
198604,49.0,1.46,61.5,0.36,60.4,0.30,57.6,0.91,62.5,1.17,57.3,0.39
198605,52.2,2.33,70.1,0.16,62.0,0.00,64.7,0.07,64.3,0.00,59.2,0.15
198606,57.3,0.21,78.2,0.00,65.0,0.00,70.8,0.00,67.1,0.00,63.7,0.00
198607,55.7,0.02,80.7,0.00,67.1,0.09,74.1,0.00,69.3,0.01,63.9,0.01
198608,55.5,0.00,83.0,0.00,67.5,0.00,74.4,0.00,71.5,0.00,63.0,0.00
198609,55.5,2.70,70.1,0.38,64.4,1.44,65.3,0.60,66.6,1.04,61.4,0.47
198610,53.9,1.76,65.7,0.00,65.0,0.10,63.9,0.19,65.2,1.39,61.9,0.02
198611,51.7,1.85,55.5,0.01,63.6,1.14,54.7,0.14,62.5,1.16,57.4,0.06
198612,49.6,3.84,46.3,2.31,57.0,0.30,44.9,0.76,57.3,0.95,50.6,1.66
198701,47.4,6.48,44.2,1.93,53.6,1.27,44.1,2.30,55.0,1.68,49.7,2.80
198702,49.7,3.38,52.0,1.36,57.0,0.64,50.5,3.23,57.7,1.54,53.6,3.52
198703,49.1,6.10,56.1,2.39,57.6,0.92,53.0,3.05,58.8,1.04,55.2,1.98
198704,51.5,1.16,67.2,0.07,61.8,0.02,61.9,0.20,63.1,0.78,59.5,0.16
198705,54.4,0.41,72.3,0.87,62.9,0.00,68.2,0.00,64.4,0.03,61.9,0.06
198706,55.1,0.26,78.9,0.01,63.3,0.09,71.6,0.00,65.5,0.00,62.7,0.00
198707,55.3,0.20,77.5,0.00,64.9,0.08,70.6,0.00,66.7,0.03,63.4,0.00
198708,56.8,0.06,80.7,0.00,66.3,0.00,73.8,0.00,69.6,0.01,65.4,0.00
198709,55.3,0.02,76.0,0.00,68.3,0.08,70.7,0.00,69.6,0.70,64.3,0.00
198710,56.3,1.05,70.6,0.85,67.6,1.74,66.5,1.28,69.2,1.74,64.2,0.93
198711,52.6,4.23,52.8,0.52,60.5,0.60,52.2,2.53,61.5,1.33,57.3,1.64
198712,48.5,10.92,44.7,1.19,52.5,1.80,46.1,3.25,53.6,2.73,50.8,4.52
198801,46.1,7.13,46.5,1.53,55.3,1.61,46.8,2.99,56.4,0.89,50.9,3.92
198802,48.4,0.54,52.7,0.83,59.2,1.79,53.1,0.99,59.6,1.37,54.9,0.38
198803,48.0,1.18,57.3,0.27,61.1,0.08,56.9,0.17,61.3,0.59,56.8,0.05
198804,49.2,2.07,62.1,2.41,59.9,1.14,59.8,1.58,62.1,3.71,58.4,2.02
198805,51.6,2.70,67.5,0.45,61.6,0.00,63.5,0.89,63.6,0.08,59.8,0.29
198806,54.1,2.22,76.1,0.04,62.3,0.00,71.7,0.19,64.6,0.00,62.8,0.60
198807,56.7,0.05,86.0,0.00,67.8,0.00,79.2,0.00,70.1,0.00,65.1,0.00
198808,56.2,0.00,81.7,0.00,66.9,0.02,74.8,0.00,70.7,0.00,65.2,0.00
198809,54.2,0.12,76.9,0.00,66.3,0.07,71.3,0.64,69.7,0.00,63.4,0.03
198810,52.9,0.41,69.2,0.00,64.7,0.00,65.3,0.19,66.4,0.00,61.7,0.42
198811,51.0,8.93,54.8,1.42,58.7,0.73,52.7,1.69,59.8,1.39,56.8,2.32
198812,45.5,6.26,45.0,2.45,55.1,2.52,45.0,2.74,55.7,2.23,50.7,3.65
198901,43.8,4.70,43.4,0.48,54.0,0.59,42.9,0.71,54.4,0.42,48.6,1.25
198902,43.3,2.89,49.2,1.18,53.5,1.72,45.9,1.25,56.4,0.70,48.7,1.28
198903,49.5,7.63,58.4,2.24,57.5,0.86,54.4,6.29,59.4,0.69,55.2,4.01
198904,52.3,2.02,67.7,0.05,63.4,0.00,62.1,0.31,65.3,0.12,61.0,0.78
198905,53.6,1.67,70.1,0.89,61.1,0.04,64.7,0.06,63.4,0.04,60.1,0.04
198906,55.4,0.21,77.5,0.00,63.8,0.00,70.5,0.43,65.7,0.06,63.0,0.01
198907,57.2,0.08,83.0,0.00,68.0,0.00,75.0,0.00,69.8,0.00,63.1,0.00
198908,57.0,0.13,79.7,0.03,66.3,0.00,72.6,0.20,70.7,0.00,64.3,0.00
198909,54.3,0.85,74.7,1.11,66.9,0.26,68.5,2.78,70.1,0.23,61.8,1.24
198910,52.7,2.90,65.8,0.42,64.5,0.34,61.2,1.76,66.0,0.47,61.1,1.40
198911,50.3,1.60,54.8,0.50,63.8,0.38,53.2,1.32,62.8,0.09,56.8,1.34
198912,47.0,0.80,44.3,0.00,59.1,0.00,43.1,0.00,58.4,1.01,50.4,0.01
199001,46.0,7.20,46.0,2.82,55.7,1.18,46.3,4.98,56.3,2.52,50.2,3.06
199002,43.2,4.50,48.5,1.33,53.6,2.60,47.4,2.91,54.9,1.13,49.5,2.28
199003,47.9,3.31,57.8,0.67,56.2,0.14,54.3,0.93,58.5,0.25,53.6,0.79
199004,50.6,1.41,66.2,0.92,61.1,0.34,62.3,0.73,62.9,0.77,58.8,0.20
199005,51.8,3.74,68.6,1.65,61.3,0.83,64.3,2.10,63.9,0.51,59.3,1.55
199006,56.0,0.32,77.3,0.00,66.1,0.00,71.3,0.00,68.7,0.87,62.7,0.00
199007,57.6,0.22,84.5,0.00,70.0,0.00,76.6,0.00,72.1,0.00,64.7,0.01
199008,58.1,0.71,81.1,0.00,68.3,0.02,75.5,0.00,71.3,0.01,66.6,0.00
199009,59.3,0.19,76.3,0.15,69.6,0.00,72.8,0.00,71.4,0.00,66.7,0.20
199010,52.0,1.74,68.2,0.05,68.2,0.00,65.4,0.09,68.3,0.00,63.4,0.19
199011,47.5,3.07,53.4,0.46,62.8,0.10,51.8,0.43,62.4,0.65,56.3,0.28
199012,40.6,2.90,42.0,0.68,55.4,0.03,39.8,1.60,55.3,0.59,46.7,1.79
199101,45.5,1.65,47.5,0.13,55.8,1.38,46.1,0.36,57.1,1.06,50.4,0.25
199102,50.5,2.76,56.3,1.01,58.5,2.53,53.9,3.10,59.1,2.46,55.6,3.76
199103,45.8,6.94,52.0,7.24,53.6,3.96,49.8,6.15,56.2,6.96,52.5,6.08
199104,48.6,2.53,60.0,0.02,59.6,0.00,56.9,0.30,61.4,0.05,56.0,0.61
199105,49.9,2.16,66.6,0.03,59.0,0.00,62.1,0.25,61.8,0.01,57.2,0.21
199106,51.5,0.26,75.2,0.00,62.5,0.00,69.1,0.53,63.9,0.00,59.7,0.11
199107,55.1,1.13,84.2,0.00,65.7,0.17,75.9,0.00,67.1,0.24,64.0,0.00
199108,57.6,0.37,79.1,0.00,67.6,0.00,72.0,0.14,68.6,0.01,64.6,0.27
199109,55.0,0.00,80.3,0.00,66.4,0.09,73.6,0.04,69.1,0.28,63.2,0.04
199110,53.8,1.06,71.0,0.80,65.9,0.06,67.7,1.25,67.7,0.69,63.0,1.73
199111,49.2,1.95,56.3,0.04,62.0,0.00,54.8,0.19,62.0,0.05,57.8,0.23
199112,46.0,2.36,47.5,1.22,57.3,2.86,45.5,1.60,57.0,1.70,51.1,2.70
199201,48.0,3.99,43.2,1.94,57.0,1.61,42.8,1.39,57.1,1.81,49.2,2.04
199202,51.6,3.81,56.0,4.73,59.4,4.70,53.4,5.47,60.8,3.34,56.4,6.44
199203,51.9,3.51,59.3,2.14,57.8,5.07,55.5,2.05,60.1,4.43,57.8,4.12
199204,54.1,2.42,67.3,0.18,64.3,0.18,61.4,0.92,66.7,0.28,60.9,0.25
199205,54.4,0.07,76.6,0.00,64.7,0.04,69.8,0.00,67.7,0.07,63.7,0.00
199206,56.1,1.27,77.4,0.00,64.6,0.00,70.2,0.15,67.8,0.04,63.9,0.39
199207,58.3,0.25,81.8,0.22,70.1,0.32,74.6,0.00,71.5,0.03,66.1,0.00
199208,56.8,0.01,83.7,0.00,72.2,0.00,76.3,0.00,74.6,0.05,64.1,0.14
199209,55.2,0.33,77.4,0.00,69.4,0.00,71.7,0.00,72.1,0.00,65.6,0.00
199210,55.7,2.08,69.1,2.19,65.6,0.50,65.9,1.31,67.9,0.18,65.7,1.13
199211,49.4,2.22,54.7,0.00,62.3,0.00,52.7,0.28,62.3,0.03,57.1,0.15
199212,44.6,9.33,45.8,2.68,54.5,4.16,43.3,4.94,55.0,2.56,50.1,6.04
199301,44.1,7.15,47.6,5.18,54.8,10.63,44.5,8.62,56.6,9.09,49.6,11.26
199302,47.2,5.93,52.4,2.44,55.7,5.48,48.8,4.94,57.7,4.73,52.8,4.69
199303,51.1,4.73,60.7,1.76,59.1,1.83,57.2,2.39,61.0,1.22,57.8,2.34
199304,51.3,5.94,62.2,0.20,61.4,0.00,57.6,0.63,63.5,0.00,58.4,0.41
199305,55.7,4.45,70.4,0.25,63.8,0.00,63.9,1.14,65.7,0.01,62.5,0.55
199306,55.7,1.23,76.2,1.61,66.9,0.74,70.9,1.26,68.3,0.41,65.2,0.16
199307,55.1,0.37,80.7,0.00,68.2,0.00,73.6,0.00,69.5,0.03,65.1,0.00
199308,57.6,0.54,80.2,0.00,68.1,0.00,73.4,0.00,69.9,0.00,67.2,0.00
199309,53.6,0.04,76.2,0.00,67.7,0.00,70.8,0.00,68.7,0.00,63.4,0.00
199310,54.6,0.56,68.2,0.13,67.0,0.09,64.3,0.48,67.0,0.22,63.8,0.45
199311,47.6,1.36,54.4,1.17,62.2,0.93,50.9,2.15,61.0,0.77,56.6,1.47
199312,47.3,7.12,46.1,1.03,57.1,0.97,43.6,1.75,56.4,0.78,50.4,2.19
199401,48.2,5.09,47.4,1.15,57.8,0.33,46.3,2.12,58.4,0.70,51.8,2.50
199402,46.3,7.12,50.4,1.92,55.7,4.35,48.0,3.15,56.5,2.75,50.9,5.27
199403,48.9,2.06,59.8,0.52,59.3,1.01,56.0,0.05,60.4,3.67,56.2,0.24
199404,50.6,3.30,63.7,1.36,58.8,0.44,59.4,0.67,60.9,0.93,56.8,1.12
199405,53.3,1.11,69.0,1.30,60.6,0.08,64.6,1.68,60.6,0.07,58.4,1.52
199406,54.7,0.71,78.2,0.00,66.9,0.00,70.9,0.00,67.3,0.00,61.7,0.03
199407,54.8,0.08,83.8,0.00,66.5,0.00,73.3,0.00,69.3,0.03,61.6,0.00
199408,59.2,0.00,82.8,0.00,73.3,0.00,74.4,0.00,72.5,0.01,64.7,0.00
199409,57.3,0.06,75.8,0.20,69.3,0.00,71.0,0.00,70.8,0.00,64.1,0.10
199410,52.2,0.54,65.2,0.77,65.5,0.14,-99.0,0.00,66.1,0.01,61.1,0.33
199411,43.6,8.22,48.6,1.57,56.5,0.66,46.8,-99.00,56.1,0.46,50.9,5.74
199412,45.1,7.00,45.8,1.33,56.2,1.05,42.9,2.69,54.5,0.80,48.3,2.50
199501,51.0,12.75,52.4,5.43,55.5,12.72,50.6,8.81,57.4,8.05,54.0,8.89
199502,51.2,1.41,54.6,0.94,60.3,0.62,51.4,0.20,61.1,1.93,56.2,0.38
199503,49.0,11.18,56.7,5.89,58.7,5.67,52.3,8.13,59.9,3.82,54.1,8.76
199504,49.3,7.47,61.2,1.09,59.2,0.74,57.0,1.47,61.2,0.96,56.1,1.41
199505,52.8,1.21,66.7,1.19,59.0,0.61,62.4,1.06,60.4,0.59,57.5,0.93
199506,54.8,1.85,73.8,0.66,63.0,0.60,68.3,0.47,64.2,0.46,61.8,0.60
199507,58.3,0.09,81.1,0.01,66.9,0.06,73.4,0.00,69.6,0.05,65.9,0.00
199508,56.5,0.22,83.0,0.00,67.6,0.00,74.4,0.00,71.6,0.00,65.6,0.00
199509,57.8,0.70,76.8,0.00,69.3,0.00,71.6,0.00,71.2,0.00,65.0,0.00
199510,53.6,0.53,67.2,0.00,66.0,0.01,65.6,0.00,65.7,0.00,63.8,0.03
199511,52.7,2.26,59.2,0.00,61.5,0.10,58.5,0.00,61.4,0.30,60.3,0.02
199512,50.8,11.57,51.0,2.08,57.5,2.16,50.4,5.50,57.2,0.88,54.4,6.42
199601,48.3,10.73,48.8,2.08,56.8,1.94,47.5,4.17,58.3,1.52,52.1,6.92
199602,51.1,8.11,54.8,3.57,56.9,4.19,53.6,5.49,59.0,0.88,55.9,6.04
199603,49.5,3.51,57.7,1.52,58.7,1.36,56.0,1.73,58.2,1.10,56.7,2.89
199604,51.7,4.64,64.1,1.17,62.8,0.42,60.3,1.25,64.4,0.37,59.6,1.40
199605,52.4,2.40,70.4,0.38,64.5,0.05,66.3,0.79,64.3,0.02,60.6,1.24
199606,54.3,0.05,78.2,0.08,65.9,0.00,72.6,0.00,68.4,0.00,63.2,0.00
199607,56.1,0.04,85.9,0.00,68.1,0.00,77.9,0.00,71.4,0.09,64.6,0.00
199608,56.8,0.00,83.9,0.00,71.9,0.00,77.6,0.00,72.2,0.00,64.9,0.00
199609,54.6,1.21,75.3,0.00,67.7,0.00,70.2,0.00,69.8,0.03,63.5,0.00
199610,53.2,3.50,64.6,1.97,62.5,1.46,63.2,0.67,63.3,0.94,61.2,0.76
199611,50.0,5.16,54.4,1.94,60.7,1.93,54.2,1.97,61.1,1.70,56.5,2.56
199612,49.6,21.27,49.6,4.28,56.8,4.74,50.4,6.39,57.6,0.64,54.2,6.98
199701,47.3,8.81,49.2,3.53,55.9,5.13,47.6,9.05,57.9,3.02,51.2,7.53
199702,46.6,2.55,50.8,0.17,57.3,0.05,52.0,0.28,57.8,0.31,53.7,0.31
199703,48.2,2.73,60.4,0.10,59.8,0.00,57.2,0.34,61.8,0.00,56.4,0.25
199704,50.2,3.06,64.0,0.00,60.3,0.00,61.6,0.18,63.4,0.28,58.5,0.30
199705,56.6,0.91,75.8,0.00,67.2,0.00,71.2,0.35,67.4,0.00,64.7,0.21
199706,56.6,1.25,76.3,0.01,67.3,0.00,72.2,0.59,67.7,0.00,62.7,0.24
199707,58.3,0.00,81.8,0.00,68.0,0.00,75.8,0.00,69.2,0.00,64.3,0.00
199708,60.2,0.84,81.1,0.00,70.8,0.00,75.2,0.32,72.5,0.00,67.2,0.60
199709,61.0,2.05,77.8,0.15,73.3,0.27,74.4,0.16,73.7,0.85,68.6,0.00
199710,53.9,2.74,64.3,0.07,67.1,0.00,63.4,0.82,67.6,0.02,62.1,0.69
199711,52.1,7.38,57.4,2.67,62.4,2.66,56.1,4.57,62.8,1.17,58.0,6.42
199712,46.4,4.73,45.2,0.99,56.5,3.93,45.5,2.91,56.4,1.35,51.4,3.87
199801,50.7,13.42,49.5,3.41,56.2,3.71,49.0,6.40,57.8,2.68,53.1,8.22
199802,48.9,13.96,50.5,4.91,55.4,13.79,49.7,9.95,56.9,7.65,52.6,13.64
199803,49.0,7.83,56.0,3.44,58.5,3.37,54.4,2.47,58.8,2.21,55.3,2.06
199804,49.1,2.23,59.5,1.26,57.4,1.00,56.3,1.06,59.8,1.11,56.0,2.24
199805,52.6,3.12,62.5,1.37,60.3,2.46,58.7,2.98,61.8,0.64,58.0,2.37
199806,55.4,0.33,72.0,1.93,63.6,0.09,67.0,0.58,65.7,0.10,61.9,0.03
199807,56.0,0.17,82.6,0.00,68.6,0.00,74.8,0.00,69.4,0.20,63.1,0.00
199808,57.3,0.01,84.5,0.00,71.2,0.00,76.7,0.00,73.4,0.00,64.6,0.00
199809,55.2,0.09,76.3,0.15,68.6,0.01,72.5,0.23,70.9,0.03,64.6,0.09
199810,52.3,3.06,63.6,0.16,64.3,0.00,61.3,0.76,66.4,0.08,60.6,0.75
199811,48.8,14.09,53.5,0.43,59.1,1.89,52.5,2.84,60.3,0.69,54.5,4.57
199812,44.0,5.41,43.3,0.62,55.5,0.74,42.5,0.58,56.0,0.66,47.3,1.39
199901,46.6,4.38,45.2,2.82,56.4,1.19,44.7,2.64,58.2,1.54,49.6,2.96
199902,45.4,10.33,50.4,1.19,55.8,0.50,48.1,4.44,58.4,0.70,50.7,4.59
199903,46.5,8.94,54.0,0.48,54.0,2.13,50.8,1.50,59.0,1.09,51.3,2.80
199904,48.9,1.79,59.0,0.93,56.2,2.23,57.3,0.89,59.5,1.62,54.9,2.18
199905,50.1,1.62,68.5,0.03,60.3,0.00,62.8,0.07,61.1,0.06,55.8,0.10
199906,53.2,0.15,76.4,0.20,62.7,0.59,69.9,0.03,63.5,0.04,59.9,0.18
199907,54.7,0.04,81.1,0.00,67.7,0.00,72.0,0.00,69.1,0.00,62.2,0.00
199908,58.5,0.31,78.9,0.01,68.1,0.00,72.9,0.00,68.7,0.00,64.1,0.06
199909,54.5,0.06,77.8,0.00,67.1,0.00,72.3,0.00,67.6,0.02,63.9,0.27
199910,52.0,1.61,69.2,0.00,67.5,0.00,65.1,0.18,69.4,0.00,62.9,0.46
199911,54.2,7.36,57.4,0.48,59.9,0.28,54.6,1.63,61.2,0.04,57.4,1.46
199912,45.6,3.02,47.5,0.03,58.6,0.00,46.8,0.06,58.4,0.32,51.4,0.43
200001,47.9,9.71,50.7,3.15,57.8,0.85,48.8,6.49,58.9,0.17,52.7,5.83
200002,51.2,7.00,54.3,6.12,57.1,4.71,51.4,8.49,59.7,3.67,53.8,8.46
200003,47.9,2.82,56.9,1.35,57.3,2.40,55.4,2.03,58.8,1.00,54.6,1.74
200004,51.8,2.15,64.6,1.16,60.4,1.88,60.7,1.39,63.0,0.54,58.5,1.30
200005,54.8,1.87,71.5,0.05,63.7,0.00,65.6,1.17,65.2,0.00,60.5,0.53
200006,56.2,0.54,80.3,0.56,67.4,0.00,73.2,0.04,68.8,0.00,63.2,0.14
200007,58.2,0.04,79.3,0.00,68.0,0.00,72.1,0.00,69.8,0.00,61.7,0.00
200008,58.6,0.00,81.7,0.00,70.1,0.03,74.0,0.00,72.7,0.01,63.9,0.01
200009,58.3,0.55,75.0,0.32,69.0,0.03,71.2,0.09,71.1,0.00,66.5,0.07
200010,53.8,3.00,64.4,2.45,63.0,1.12,61.8,1.62,65.8,1.25,60.3,2.14
200011,48.1,3.52,49.7,0.01,57.5,0.00,48.6,0.68,59.0,0.26,52.9,0.91
200012,48.0,1.97,48.3,0.07,57.8,0.00,46.9,0.59,58.7,0.01,51.9,0.44
200101,46.5,3.80,46.7,2.67,54.3,4.68,45.8,3.75,55.4,3.28,49.1,3.87
200102,46.5,3.61,49.2,2.23,53.5,7.30,48.8,4.58,55.5,2.38,51.3,6.12
200103,49.7,2.46,59.2,0.96,57.2,1.29,57.2,2.04,59.5,0.63,56.0,1.02
200104,48.7,2.54,59.1,1.87,56.5,1.10,55.9,1.50,59.2,0.76,53.9,1.56
200105,53.5,0.72,77.8,0.00,63.3,0.01,71.7,0.00,64.3,0.01,62.9,0.00
200106,55.5,0.69,80.2,0.00,66.8,0.00,73.4,0.08,68.3,0.00,62.9,0.10
200107,57.0,0.20,82.1,0.08,67.2,0.00,73.4,0.00,69.7,0.00,63.0,0.00
200108,59.0,0.21,82.4,0.00,67.8,0.00,74.4,0.00,70.2,0.00,63.4,0.00
200109,55.7,0.29,77.4,0.00,67.2,0.00,71.1,0.50,68.9,0.00,63.2,0.11
200110,54.0,1.00,69.0,0.29,64.6,0.04,65.8,0.36,67.0,0.00,62.7,0.31
200111,51.3,7.71,56.9,1.99,60.0,1.34,55.9,2.43,62.0,0.94,57.6,4.51
200112,48.8,11.57,47.9,1.96,55.0,1.24,48.8,6.27,56.1,0.46,52.0,8.55
200201,46.2,6.38,45.5,0.76,54.8,0.73,44.8,2.19,56.3,0.32,49.3,1.38
200202,48.6,5.77,52.7,0.40,58.3,0.35,50.7,1.13,58.1,0.17,53.6,1.50
200203,46.5,4.32,55.5,0.95,57.4,0.28,52.5,2.87,58.3,0.46,54.1,2.13
200204,51.0,2.43,63.3,0.21,58.3,0.02,58.1,0.12,60.2,0.63,57.0,0.36
200205,51.9,0.55,70.1,0.38,61.2,0.11,64.1,2.07,62.5,0.00,58.3,0.48
200206,55.9,0.28,78.6,0.02,65.1,0.05,72.0,0.00,65.4,0.00,61.7,0.00
200207,58.2,0.04,84.6,0.00,67.8,0.00,75.8,0.00,68.5,0.00,64.2,0.00
200208,56.6,0.01,80.5,0.00,67.0,0.00,73.5,0.00,69.5,0.00,64.6,0.00
200209,56.9,0.06,77.6,0.00,67.0,0.08,72.8,0.00,70.7,0.31,65.1,0.00
200210,51.4,0.07,65.7,0.00,62.2,0.05,62.6,0.00,64.9,0.04,61.5,0.00
200211,51.8,2.66,56.7,1.78,63.1,1.59,54.4,2.34,64.1,0.32,57.8,2.94
200212,50.2,23.31,49.9,2.25,55.7,1.77,49.7,6.26,57.4,1.98,52.9,10.75
200301,53.5,5.51,51.0,0.40,61.5,0.00,50.7,1.30,62.3,0.02,54.1,1.43
200302,47.4,3.84,51.6,1.22,57.4,3.78,50.2,1.30,59.7,4.88,52.4,2.45
200303,51.8,4.91,58.6,0.63,58.6,1.66,55.8,1.87,60.9,1.36,56.2,1.17
200304,50.2,11.24,59.1,2.84,57.7,0.49,54.3,2.54,60.5,1.41,54.6,4.42
200305,53.7,1.74,69.9,0.68,60.5,0.95,65.2,1.17,63.0,0.30,59.2,0.63
200306,56.8,0.04,78.9,0.00,64.5,0.00,72.5,0.00,64.9,0.00,63.1,0.00
200307,58.4,0.02,87.0,0.00,70.9,0.02,79.2,0.00,70.7,0.00,63.3,0.00
200308,60.7,0.49,81.9,0.04,70.4,0.00,75.1,0.57,73.4,0.00,66.7,0.00
200309,57.6,0.36,79.7,0.00,67.2,0.00,73.7,0.00,70.5,0.00,67.2,0.00
200310,56.0,0.56,70.3,0.00,66.8,0.71,66.5,0.04,68.4,0.00,63.4,0.00
200311,49.4,5.78,52.7,0.40,59.0,0.80,51.3,1.52,60.9,0.60,54.1,2.18
200312,48.6,11.35,49.8,2.93,56.1,1.14,49.1,4.22,57.1,0.61,52.3,6.41
200401,49.2,6.30,47.0,0.88,56.2,0.49,46.9,2.11,57.0,0.34,50.6,3.03
200402,48.8,8.13,51.0,1.69,55.0,4.61,50.8,5.01,56.8,2.81,52.5,4.57
200403,51.1,2.39,63.0,1.54,60.4,0.77,59.8,0.48,62.7,0.22,59.7,0.67
200404,52.1,1.68,66.3,0.03,61.5,0.03,62.5,0.09,64.5,0.60,59.6,0.10
200405,56.3,1.38,71.3,0.07,66.1,0.04,66.9,0.17,68.6,0.00,60.6,0.07
200406,57.6,0.06,77.9,0.00,66.2,0.00,72.3,0.00,68.0,0.00,62.0,0.00
200407,59.8,0.06,83.8,0.00,68.7,0.00,75.1,0.00,72.1,0.00,65.1,0.00
200408,60.7,0.43,81.8,0.00,68.7,0.00,75.6,0.00,70.9,0.00,66.8,0.00
200409,57.6,0.68,76.4,0.00,71.9,0.00,72.1,0.16,72.8,0.00,67.6,0.04
200410,54.5,5.71,64.5,2.45,63.0,3.78,62.2,2.70,65.5,4.98,61.1,3.19
200411,48.5,1.87,52.2,0.81,58.3,0.11,51.2,2.69,60.2,0.33,55.6,1.22
200412,48.0,9.44,47.0,3.16,56.7,6.50,46.7,4.14,57.9,4.01,52.5,6.42
200501,47.2,5.92,47.9,2.42,56.8,6.87,45.6,3.82,58.9,4.50,50.0,4.27
200502,49.8,2.41,54.9,2.31,57.5,6.95,52.4,2.33,60.0,5.83,55.3,5.11
200503,51.5,6.24,58.3,2.51,58.0,1.08,56.2,3.30,61.1,2.12,57.6,3.74
200504,51.2,4.70,60.1,0.56,59.3,0.90,57.2,0.84,61.9,0.59,57.1,1.70
200505,56.8,3.90,69.9,1.62,63.3,0.33,65.0,1.23,65.6,0.12,61.8,1.15
200506,57.0,3.08,74.2,0.01,64.3,0.00,69.2,0.66,66.5,0.02,62.2,0.30
200507,58.3,0.06,87.3,0.00,68.0,0.00,78.8,0.00,70.1,0.01,64.7,0.00
200508,56.5,0.07,84.5,0.00,69.0,0.00,76.3,0.00,71.1,0.00,63.7,0.00
200509,54.6,0.08,74.4,0.04,66.9,0.25,68.9,0.00,68.6,0.10,62.7,0.08
200510,53.3,2.40,66.4,0.05,64.4,1.01,63.3,0.15,66.0,0.46,61.6,0.08
200511,49.2,8.52,58.0,0.17,63.2,0.47,54.5,0.85,62.9,0.12,57.5,1.23
200512,50.0,12.72,51.5,1.99,58.4,0.95,49.3,8.98,58.6,0.25,53.3,9.34
200601,48.7,12.09,49.2,3.40,57.5,1.42,48.0,2.53,57.1,0.36,51.9,2.46
200602,47.2,6.34,52.9,0.54,58.4,2.03,50.9,2.09,58.4,1.11,53.2,2.30
200603,46.9,11.12,50.6,4.74,54.1,2.52,49.7,5.29,57.3,1.36,51.4,6.14
200604,50.5,4.08,60.2,3.28,58.8,1.64,57.4,3.28,62.0,0.88,55.9,4.01
200605,53.7,1.04,72.4,0.36,63.8,0.60,67.1,0.30,64.8,0.77,60.1,0.37
200606,57.6,0.35,81.1,0.00,69.0,0.01,74.2,0.00,70.9,0.00,63.6,0.00
200607,58.0,0.04,88.3,0.00,74.0,0.10,79.1,0.00,76.4,0.04,66.1,0.00
200608,56.4,0.00,80.6,0.00,70.5,0.01,72.8,0.00,73.2,0.01,63.7,0.00
200609,54.8,0.09,76.4,0.00,68.6,0.00,70.0,0.00,70.3,0.00,62.7,0.00
200610,52.0,0.58,64.4,0.08,65.6,0.00,60.8,0.16,66.0,0.76,60.8,0.33
200611,51.5,7.42,55.9,0.23,63.3,0.25,53.4,1.12,63.6,0.15,55.8,1.65
200612,47.6,7.10,47.6,1.33,57.1,0.61,46.3,3.01,57.0,0.71,50.7,3.37
200701,42.5,1.86,44.2,0.59,54.2,0.39,43.8,0.05,54.6,0.51,48.3,0.65
200702,47.8,11.86,51.9,2.29,57.3,0.82,50.7,4.44,58.1,1.13,52.7,4.14
200703,50.0,2.50,60.7,0.97,59.7,0.09,57.7,0.35,60.5,0.09,56.2,0.27
200704,50.3,2.72,63.4,0.49,59.8,0.36,60.0,1.34,60.4,0.46,56.3,1.15
200705,52.3,0.87,72.0,0.05,61.8,0.00,66.3,0.41,63.6,0.00,59.1,0.09
200706,55.8,0.46,78.4,0.00,64.5,0.00,71.7,0.00,65.9,0.00,61.6,0.00
200707,60.9,0.98,83.7,0.00,69.7,0.01,75.2,0.01,70.4,0.00,64.4,0.01
200708,59.2,0.08,83.3,0.02,71.1,0.00,75.4,0.00,73.9,0.00,64.7,0.00
200709,56.6,0.60,74.2,0.02,68.1,0.49,68.6,0.06,70.1,0.05,64.6,0.15
200710,53.4,4.93,65.0,0.20,66.0,0.64,61.1,1.05,67.3,0.37,60.2,1.97
200711,49.8,2.33,57.8,0.09,61.2,0.50,55.1,0.85,61.8,0.97,56.0,0.58
200712,44.4,7.30,45.9,2.31,55.6,1.59,45.7,3.17,54.8,0.80,49.8,2.66
200801,44.5,9.70,47.4,3.32,55.6,4.67,45.9,6.67,55.0,3.34,48.7,7.82
200802,45.4,2.73,51.6,2.12,56.5,2.17,49.2,1.81,56.2,1.21,52.0,2.04
200803,46.9,3.16,57.4,0.02,59.8,0.03,54.3,0.05,59.5,0.26,54.0,0.23
200804,47.6,2.12,62.2,0.00,62.4,0.03,57.6,0.00,62.4,0.00,55.7,0.03
200805,53.2,0.04,70.8,0.30,63.8,0.11,67.0,0.04,63.4,0.23,59.0,0.00
200806,53.3,0.24,79.6,0.00,68.2,0.00,72.4,0.00,69.0,0.02,61.8,0.00
200807,56.4,0.02,84.3,0.01,69.6,0.00,75.1,0.00,69.9,0.00,63.1,0.00
200808,58.3,0.48,84.6,0.00,69.7,0.00,76.0,0.00,72.7,0.00,64.7,0.01
200809,54.7,0.05,78.5,0.00,68.4,0.00,72.2,0.00,71.6,0.00,65.3,0.00
200810,53.6,0.93,67.6,0.23,68.6,0.00,64.2,0.84,70.1,0.18,63.5,0.32
200811,52.5,4.06,58.0,1.37,63.8,1.50,55.5,2.38,65.8,2.49,58.1,1.82
200812,44.8,6.67,45.4,1.09,54.6,2.51,44.0,1.51,56.8,3.38,49.2,2.37
200901,46.3,1.58,48.2,1.02,59.8,0.51,47.4,1.41,60.7,0.08,51.6,0.69
200902,47.8,6.20,52.0,2.43,56.0,3.41,50.8,5.07,58.5,2.63,52.4,6.40
200903,47.5,5.45,56.5,0.24,57.5,0.05,54.4,2.09,59.0,0.18,54.1,2.35
200904,49.3,1.24,62.5,0.72,59.9,0.00,59.5,1.46,62.7,0.14,56.7,0.27
200905,53.0,2.93,75.8,0.46,63.6,0.00,68.7,1.01,65.0,0.04,59.7,0.36
200906,56.8,0.19,76.2,0.20,64.7,0.15,71.1,0.56,66.7,0.03,63.2,0.04
200907,56.3,0.06,85.5,0.00,68.2,0.00,75.3,0.00,72.2,0.00,62.6,0.00
200908,58.6,0.02,82.2,0.00,68.6,0.00,75.0,0.00,73.0,0.00,65.9,0.00
200909,59.1,1.03,80.2,0.01,69.7,0.00,74.8,0.14,74.0,0.00,66.5,0.27
200910,54.1,1.95,64.1,1.39,64.8,1.30,62.1,3.24,67.5,0.00,61.3,2.96
200911,49.6,4.15,54.6,0.20,61.3,0.00,52.8,0.26,62.3,0.12,55.1,0.20
200912,46.1,4.17,47.7,2.41,56.0,2.05,45.3,3.65,56.9,2.28,49.9,3.07
201001,51.1,9.29,49.1,2.06,58.2,4.30,48.3,4.80,58.2,3.38,51.2,5.97
201002,50.4,4.20,52.7,2.95,57.3,3.23,52.1,2.29,58.8,2.28,53.8,2.70
201003,48.5,6.06,55.9,0.96,59.6,0.21,53.7,2.99,60.5,0.68,54.2,2.78
201004,49.1,7.76,58.2,2.19,58.2,1.25,55.5,2.65,60.8,1.78,54.6,2.75
201005,51.5,3.51,65.6,0.21,60.7,0.08,61.5,0.75,61.4,0.01,57.4,0.69
201006,55.7,2.32,78.1,0.00,64.4,0.00,72.5,0.00,64.1,0.02,62.3,0.00
201007,54.8,0.04,83.5,0.00,65.5,0.00,73.9,0.00,66.9,0.02,61.5,0.00
201008,56.2,0.17,80.4,0.00,65.6,0.00,72.0,0.00,68.7,0.00,62.9,0.00
201009,56.9,1.39,77.4,0.00,66.6,0.00,72.6,0.01,68.2,0.03,65.7,0.01
201010,54.9,4.27,68.5,0.44,65.3,1.56,64.5,1.44,67.9,2.18,61.9,0.84
201011,48.4,4.70,54.3,1.80,61.2,0.59,52.4,2.39,62.3,0.89,56.1,2.41
201012,49.2,10.08,51.4,5.92,57.9,8.83,49.9,5.55,58.8,5.01,53.8,6.00
201101,48.0,2.23,47.1,1.71,58.9,0.81,46.2,1.67,60.2,0.30,50.9,0.94
201102,44.6,3.63,49.6,1.60,55.1,1.47,48.2,3.39,57.6,2.10,50.8,4.79
201103,49.0,11.89,55.9,3.46,57.7,4.04,53.3,6.96,60.9,1.46,54.1,5.70
201104,48.1,4.08,61.2,0.32,61.5,0.00,58.1,0.06,63.6,0.26,56.3,0.33
201105,51.0,1.43,65.6,0.35,62.2,0.53,61.8,1.02,64.7,0.36,58.1,0.47
201106,55.3,1.30,75.5,1.91,63.5,0.02,69.2,1.50,65.4,0.03,60.9,1.49
201107,57.1,0.17,82.5,0.00,68.1,0.00,74.7,0.00,70.0,0.00,63.0,0.00
201108,57.6,0.04,82.9,0.00,67.4,0.00,74.4,0.00,69.1,0.00,62.5,0.00
201109,56.5,0.37,80.8,0.00,66.7,0.01,74.5,0.01,68.8,0.13,65.0,0.01
201110,55.0,4.21,68.5,0.90,64.2,0.63,64.5,1.33,65.6,0.46,63.3,1.18
201111,48.4,3.86,54.0,0.67,58.9,1.69,51.5,0.74,60.2,3.13,54.1,1.56
201112,44.1,2.22,46.1,0.00,54.8,0.67,45.6,0.27,55.5,0.86,49.6,0.13
201201,46.1,7.76,49.8,1.38,59.1,1.19,47.8,2.43,58.2,0.40,50.9,2.16
201202,47.2,2.63,53.2,0.75,56.8,0.12,51.3,0.92,57.9,1.19,52.5,0.66
201203,46.5,12.03,56.7,2.43,56.9,1.78,52.9,4.07,58.2,0.97,53.6,4.76
201204,49.8,4.77,63.5,2.02,59.5,1.51,59.4,2.43,61.1,0.87,57.2,2.80
201205,51.4,0.77,72.4,0.00,62.8,0.01,66.9,0.00,63.8,0.02,58.7,0.00
201206,54.3,2.00,77.9,0.00,65.1,0.00,71.1,0.03,65.1,0.00,61.8,0.09
201207,56.8,0.68,83.4,0.00,66.4,0.00,74.5,0.03,68.7,0.00,62.8,0.00
201208,56.3,0.08,86.6,0.00,72.0,0.00,75.9,0.00,73.7,0.00,62.0,0.00
201209,53.2,0.04,81.4,0.00,72.0,0.00,72.9,0.00,74.8,0.00,60.9,0.00
201210,54.7,2.73,69.1,0.25,68.8,0.15,64.8,1.14,69.1,0.70,63.7,0.71
201211,52.9,6.37,58.3,1.11,62.4,1.31,55.3,3.97,62.2,0.29,58.4,4.06
201212,45.6,10.97,50.9,2.03,56.3,2.82,47.2,6.15,57.4,2.19,52.2,6.24
201301,43.6,2.56,47.2,0.58,56.2,1.30,44.1,0.96,55.8,1.21,49.0,0.20
201302,44.6,1.78,51.1,0.89,55.9,0.20,49.1,0.36,56.3,0.63,51.2,0.67
201303,47.2,3.09,62.2,0.65,58.9,0.66,56.9,1.38,60.1,1.22,54.9,0.49
201304,50.0,2.44,67.6,0.09,61.9,0.06,63.8,0.69,61.8,0.01,58.8,0.48
201305,53.8,1.17,73.1,0.07,66.3,0.39,68.4,0.30,65.9,0.26,60.7,0.01
201306,56.9,0.43,81.0,0.00,67.7,0.00,73.4,0.22,66.6,0.00,63.0,0.05
201307,56.0,0.00,87.1,0.00,68.7,0.03,76.2,0.00,70.2,0.05,63.2,0.00
201308,59.3,0.08,83.0,0.00,68.4,0.00,74.7,0.00,70.7,0.00,64.7,0.00
201309,59.8,3.15,77.9,0.01,69.9,0.00,71.1,0.59,71.5,0.00,65.8,0.23
201310,50.4,0.06,66.6,0.03,65.5,0.02,62.8,0.00,66.0,0.25,60.5,0.00
201311,49.0,1.29,58.5,0.54,63.8,0.69,55.6,0.88,63.8,1.48,57.4,0.91
201312,42.0,0.56,47.4,0.15,58.8,0.30,45.4,0.43,59.4,0.46,49.9,0.35
201401,47.2,1.35,53.2,0.57,61.1,0.00,50.8,0.15,61.3,0.01,54.8,0.01
201402,49.4,6.09,56.8,2.11,59.5,2.79,53.8,4.14,61.2,1.00,54.9,3.77
201403,51.1,6.24,62.4,0.62,62.1,0.36,58.7,1.77,64.1,1.28,58.5,1.93
201404,51.7,1.37,66.8,0.74,62.4,0.26,61.8,1.83,65.2,0.54,58.9,1.61
201405,56.2,0.58,74.3,0.04,68.7,0.00,69.0,0.00,69.5,0.00,62.9,0.00
201406,55.9,0.35,81.0,0.00,67.4,0.00,73.7,0.00,68.4,0.00,62.7,0.00
201407,58.3,0.02,86.9,0.01,71.6,0.14,77.2,0.01,73.7,0.00,66.0,0.00
201408,58.7,0.02,84.4,0.00,71.0,0.03,75.2,0.00,73.8,0.08,65.7,0.00
201409,59.1,3.09,80.8,0.18,72.8,0.02,74.2,0.46,75.6,0.00,66.3,0.42
201410,58.6,4.74,72.0,0.50,69.7,0.24,67.9,0.53,71.8,0.00,65.3,0.31
201411,53.8,3.89,58.4,0.40,64.7,0.42,56.3,1.25,65.6,0.37,58.7,1.99
201412,52.4,9.76,52.6,2.30,57.9,4.04,53.5,8.60,60.5,4.50,56.8,10.66
201501,50.7,1.36,49.7,0.21,59.6,1.25,49.9,0.00,60.8,0.42,53.2,0.00
201502,52.3,5.04,57.7,1.13,60.8,0.27,55.7,2.82,63.1,0.28,58.2,2.01
201503,51.6,3.20,64.7,0.06,64.2,0.49,61.3,0.22,66.6,0.93,60.0,0.06
201504,50.1,2.57,65.0,1.25,62.0,0.11,61.9,1.85,65.8,0.02,58.4,1.28
201505,53.0,0.07,69.2,0.57,60.8,0.43,64.9,0.07,63.9,2.39,58.6,0.02
201506,56.3,0.04,82.7,0.01,66.1,0.01,76.2,0.07,68.8,0.04,62.9,0.26
201507,60.6,0.15,83.8,0.43,70.1,0.35,77.2,0.00,72.4,1.72,66.7,0.00
201508,61.1,0.41,83.1,0.00,72.5,0.00,76.5,0.00,75.1,0.01,68.1,0.00
201509,57.6,0.27,79.4,0.12,74.9,1.81,73.8,0.04,77.2,1.24,67.1,0.02
201510,57.8,1.18,72.0,0.49,73.7,0.10,69.9,0.13,74.4,0.43,65.7,0.00
201511,49.3,4.89,52.7,1.74,62.0,0.06,51.2,1.57,63.3,1.55,54.4,1.43
201512,48.3,14.67,46.5,2.98,57.1,1.08,46.7,1.76,58.1,0.89,50.6,3.37
201601,50.4,12.06,50.7,4.43,56.7,2.95,50.3,5.44,58.5,3.21,52.8,5.58
201602,50.6,2.98,56.2,0.33,62.8,0.73,54.7,0.82,63.9,0.05,57.0,0.85
201603,51.7,8.11,59.4,2.94,60.2,1.46,57.0,5.07,62.7,0.76,57.8,5.14
201604,54.0,2.85,66.0,1.06,63.3,0.29,63.0,1.03,65.5,0.55,60.4,0.82
201605,54.8,0.76,72.0,0.29,62.5,0.59,68.2,0.39,65.0,0.44,61.1,0.06
201606,56.9,0.02,81.6,0.06,66.6,0.00,74.2,0.00,68.9,0.00,63.4,0.00
201607,57.7,0.54,84.7,0.00,71.4,0.00,75.8,0.00,70.9,0.00,63.0,0.00
201608,56.5,0.04,83.2,0.00,70.3,0.00,74.0,0.00,72.8,0.00,63.9,0.00
201609,56.5,0.01,76.8,0.00,70.8,0.01,71.4,0.00,72.0,0.32,64.9,0.00
201610,56.7,10.93,67.1,0.67,68.0,0.36,62.8,4.72,70.6,0.07,63.4,2.78
201611,53.8,6.98,58.2,1.38,64.6,1.11,54.8,1.12,65.8,0.61,58.4,1.54
201612,44.5,7.87,47.9,2.52,57.9,2.79,45.5,3.61,58.9,4.22,50.7,4.63
201701,44.6,10.52,48.8,5.50,55.5,7.44,46.8,9.92,57.9,3.02,50.7,9.33
201702,49.1,11.10,54.6,2.52,56.9,4.05,52.2,8.25,59.6,3.71,54.6,7.43
201703,50.5,7.98,59.4,1.08,60.8,0.08,56.6,2.38,62.7,0.08,57.0,2.96
201704,51.6,5.46,62.8,3.42,63.4,0.38,58.8,2.93,65.3,0.01,58.5,2.20
201705,52.9,1.31,71.7,0.12,63.0,0.13,67.5,0.05,64.9,0.92,61.0,0.00
201706,56.6,0.59,81.2,0.00,66.5,0.00,74.5,0.10,67.7,0.02,63.2,0.05
201707,57.3,0.07,87.2,0.00,71.0,0.00,78.4,0.00,73.0,0.00,64.3,0.00
201708,58.7,0.05,85.9,0.00,71.3,0.00,77.0,0.00,73.1,0.00,65.9,0.00
201709,59.8,1.01,77.9,0.16,70.8,0.08,73.5,0.00,72.8,0.08,69.8,0.22
201710,52.7,1.64,66.4,0.09,70.8,0.00,64.0,0.15,71.1,0.00,64.3,0.21
201711,52.4,7.41,58.7,0.28,64.8,0.10,54.8,2.13,65.1,0.02,58.1,2.77
201712,46.8,1.94,48.7,0.04,60.7,0.01,47.1,0.14,60.2,0.07,52.0,0.07
201801,49.3,7.86,53.3,1.23,61.2,1.40,50.0,5.20,61.4,1.78,53.5,4.85
201802,45.4,2.87,53.9,0.26,57.7,0.10,50.1,0.60,59.4,0.36,54.9,0.39
201803,47.9,8.50,57.5,4.19,58.0,2.07,53.2,5.14,60.8,0.95,55.3,3.33
201804,50.9,5.02,64.9,0.64,61.3,0.05,58.7,2.00,63.5,0.02,58.4,2.24
201805,53.7,0.80,70.9,0.00,62.2,0.06,65.5,0.60,63.6,0.12,60.6,0.01
201806,55.5,0.70,79.4,0.00,66.4,0.00,72.7,0.00,67.5,0.00,62.9,0.00
201807,57.0,0.03,88.2,0.00,73.8,0.00,77.8,0.00,75.1,0.00,-99.0,0.00
201808,58.1,0.06,83.0,0.00,74.1,0.00,73.7,0.00,78.1,0.02,63.2,0.00
201809,56.2,0.19,78.0,0.00,69.4,0.00,71.2,0.00,71.9,0.00,62.5,0.00
201810,53.6,0.86,68.1,0.10,68.0,0.58,65.2,0.04,69.2,0.57,63.1,0.16
201811,50.2,4.95,57.8,1.67,64.3,2.09,54.0,2.47,65.6,0.81,57.2,3.07
201812,48.1,4.96,50.0,0.56,58.0,1.45,48.8,2.37,59.0,3.02,52.9,1.65
201901,49.0,6.67,52.5,2.23,56.8,5.52,50.2,4.22,58.7,2.80,55.3,4.59
201902,43.8,14.44,49.2,3.26,52.9,4.42,47.7,7.84,55.2,3.43,50.3,7.19
201903,48.3,4.79,57.4,1.27,58.8,2.10,53.7,3.76,62.5,1.23,54.9,4.47
201904,52.8,2.51,67.1,0.39,62.0,0.05,62.4,0.77,63.3,0.16,59.3,0.20
201905,53.1,2.61,66.7,2.38,61.4,0.73,62.9,3.17,62.3,0.80,58.7,2.00
201906,55.5,0.00,80.7,0.00,65.8,0.00,73.8,0.00,66.7,0.01,64.2,0.00
201907,60.0,0.00,84.3,0.00,68.7,0.05,76.2,0.00,70.2,0.00,63.9,0.00
201908,61.5,0.18,84.8,0.00,69.8,0.00,77.9,0.00,71.4,0.00,67.5,0.00
201909,60.2,1.93,77.2,0.00,72.7,0.00,72.2,0.12,73.2,0.11,67.9,0.06
201910,52.4,1.51,65.5,0.00,69.4,0.00,63.1,0.00,69.1,0.00,62.3,0.00
201911,48.1,1.75,57.9,0.72,62.9,1.44,55.7,0.65,63.4,2.72,56.4,1.29
201912,49.3,7.63,51.0,2.16,58.1,4.42,50.2,4.35,58.5,4.03,53.7,3.71
202001,48.4,7.50,49.0,0.66,58.8,0.38,48.7,1.14,58.1,0.48,52.1,1.19
202002,45.9,0.60,55.0,0.00,60.4,0.00,53.9,0.00,59.6,0.38,55.8,0.00
202003,46.8,3.69,56.6,2.33,59.2,4.11,54.0,1.58,60.7,2.16,54.3,1.32
202004,51.5,2.05,64.1,1.65,62.9,2.68,61.9,1.68,62.9,3.68,58.0,1.36
202005,55.3,4.73,73.4,0.12,66.1,0.12,69.2,0.32,66.8,0.02,62.6,0.25
202006,56.9,0.20,79.5,0.00,67.4,0.00,74.5,0.00,68.4,0.14,64.9,0.00
202007,56.8,0.04,84.6,0.00,67.7,0.00,76.6,0.00,71.2,0.00,64.2,0.00
202008,59.5,0.08,86.2,0.00,71.5,0.00,79.5,0.02,73.7,0.00,68.5,0.05
202009,60.7,0.74,79.8,0.00,70.8,0.00,75.8,0.00,74.4,0.00,68.8,0.00
202010,54.7,0.42,71.6,0.00,69.6,0.00,68.8,0.00,71.7,0.12,67.2,0.00
202011,48.9,2.55,54.9,0.28,60.3,0.10,52.7,0.54,62.6,0.26,55.7,0.31
202012,47.4,3.96,48.9,1.14,58.6,1.65,48.3,1.54,59.0,0.60,52.7,1.39
202101,48.3,7.11,50.4,3.40,57.6,1.91,48.8,2.50,58.5,1.80,53.1,2.92
202102,46.6,4.32,54.1,0.29,57.8,0.02,52.2,0.91,58.8,0.10,53.9,1.26
202103,46.6,3.93,56.3,1.33,56.6,1.32,53.6,1.06,58.5,1.48,53.5,1.39
202104,49.2,0.71,65.9,0.15,60.9,0.00,62.3,0.01,62.3,0.07,56.0,0.00
202105,52.1,0.26,73.4,0.00,62.3,0.00,69.4,0.01,63.6,0.07,59.7,0.00
202106,57.0,1.06,82.6,0.00,65.6,0.00,74.0,0.00,66.5,0.01,63.2,0.00
202107,56.6,0.22,88.7,0.00,68.8,0.12,77.2,0.00,71.2,0.00,63.4,0.00
202108,57.6,0.04,85.2,0.00,69.7,0.02,75.7,0.00,73.5,0.23,66.0,0.00
202109,56.2,1.24,79.6,0.00,68.4,0.00,73.5,0.05,72.6,0.50,66.3,0.00
202110,54.0,4.03,65.1,1.27,65.7,0.46,62.2,6.71,66.8,1.01,62.3,5.84
202111,51.9,2.86,57.2,0.30,63.7,0.00,54.0,0.68,64.7,0.00,58.5,0.63
202112,46.2,7.26,48.1,3.65,55.3,8.24,45.6,6.98,57.6,2.58,50.9,9.81
202201,47.5,1.91,50.1,0.00,59.3,0.09,48.1,0.05,59.4,0.16,53.0,0.42
202202,46.9,0.51,53.8,0.04,59.9,0.04,51.2,0.00,60.0,0.70,54.5,0.01
202203,49.0,1.50,60.5,0.74,60.9,1.10,57.5,1.38,61.2,1.61,56.4,0.44
202204,48.6,4.57,64.4,0.30,63.1,0.23,60.3,0.65,63.9,0.02,57.2,0.97
202205,52.7,1.37,71.5,0.00,63.7,0.00,67.4,0.01,63.8,0.02,60.2,0.00
202206,57.5,1.54,81.2,0.00,68.0,0.01,75.5,0.09,67.9,0.00,64.8,0.05
202207,58.5,0.76,85.7,0.00,69.6,0.00,76.4,0.00,70.0,0.00,63.3,0.00
202208,60.2,0.11,86.7,0.05,72.2,0.00,78.3,0.00,75.1,0.00,67.1,0.01
202209,58.8,0.43,82.2,0.06,76.0,0.13,76.4,0.28,76.4,0.65,69.0,0.27
202210,53.9,0.15,71.0,0.00,68.5,0.24,66.8,0.00,69.8,0.09,61.7,0.01
202211,46.9,5.36,52.1,0.66,60.1,1.77,50.3,0.95,60.4,1.07,53.2,1.59
202212,46.1,8.54,46.4,2.90,56.8,2.79,45.8,7.79,57.6,1.58,50.6,9.65
202301,47.7,7.89,49.6,3.95,55.0,6.66,49.0,5.12,56.5,5.15,52.5,9.31
