Fresno, California, Average Temperature
Units: Degrees Fahrenheit
Base Period: 1991-2020
Missing: -99
Date,Value,Anomaly
189502,54.0,1.1
189503,55.1,-2.9
189504,61.4,-1.6
189505,68.8,-2.0
189506,78.6,0.3
189507,80.7,-3.5
189508,81.9,-0.9
189509,71.7,-6.0
189510,68.0,0.7
189511,54.2,-1.5
189512,45.0,-3.1
189601,52.0,3.4
189602,54.8,1.9
189603,57.7,-0.3
189604,56.1,-6.9
189605,65.3,-5.5
189606,80.0,1.7
189607,86.4,2.2
189608,81.2,-1.6
189609,73.9,-3.8
189610,68.1,0.8
189611,54.6,-1.1
189612,50.7,2.6
189701,45.1,-3.5
189702,50.5,-2.4
189703,50.0,-8.0
189704,64.9,1.9
189705,73.1,2.3
189706,75.7,-2.6
189707,84.2,0.0
189708,82.5,-0.3
189709,74.2,-3.5
189710,62.5,-4.8
189711,53.4,-2.3
189712,46.4,-1.7
189801,43.1,-5.5
189802,55.2,2.3
189803,54.2,-3.8
189804,66.8,3.8
189805,66.6,-4.2
189806,78.6,0.3
189807,85.3,1.1
189808,83.0,0.2
189809,74.2,-3.5
189810,66.0,-1.3
189811,53.9,-1.8
189812,46.6,-1.5
189901,50.3,1.7
189902,52.6,-0.3
189903,55.7,-2.3
189904,62.5,-0.5
189905,64.6,-6.2
189906,79.7,1.4
189907,83.2,-1.0
189908,76.5,-6.3
189909,78.7,1.0
189910,61.7,-5.6
189911,55.8,0.1
189912,45.2,-2.9
190001,48.1,-0.5
190002,52.7,-0.2
190003,60.6,2.6
190004,59.7,-3.3
190005,69.7,-1.1
190006,78.7,0.4
190007,83.8,-0.4
190008,76.5,-6.3
190009,70.9,-6.8
190010,64.0,-3.3
190011,58.9,3.2
190012,46.7,-1.4
190101,49.1,0.5
190102,53.1,0.2
190103,57.0,-1.0
190104,59.8,-3.2
190105,67.0,-3.8
190106,75.7,-2.6
190107,83.3,-0.9
190108,83.7,0.9
190109,72.0,-5.7
190110,68.5,1.2
190111,60.0,4.3
190112,48.7,0.6
190201,44.4,-4.2
190202,53.9,1.0
190203,53.4,-4.6
190204,60.4,-2.6
190205,65.8,-5.0
190206,79.6,1.3
190207,81.7,-2.5
190208,79.8,-3.0
190209,77.3,-0.4
190210,65.7,-1.6
190211,52.7,-3.0
190212,48.3,0.2
190301,45.3,-3.3
190302,47.2,-5.7
190303,56.3,-1.7
190304,58.7,-4.3
190305,69.1,-1.7
190306,78.5,0.2
190307,78.7,-5.5
190308,81.9,-0.9
190309,75.0,-2.7
190310,69.1,1.8
190311,56.7,1.0
190312,46.9,-1.2
190401,46.0,-2.6
190402,53.8,0.9
190403,55.8,-2.2
190404,61.6,-1.4
190405,72.8,2.0
190406,79.4,1.1
190407,81.2,-3.0
190408,84.2,1.4
190409,76.6,-1.1
190410,64.8,-2.5
190411,57.0,1.3
190412,47.4,-0.7
190501,50.6,2.0
190502,55.0,2.1
190503,59.2,1.2
190504,63.7,0.7
190505,65.1,-5.7
190506,75.7,-2.6
190507,83.8,-0.4
190508,81.3,-1.5
190509,74.4,-3.3
190510,65.0,-2.3
190511,54.0,-1.7
190512,44.4,-3.7
190601,50.2,1.6
190602,56.6,3.7
190603,55.4,-2.6
190604,59.4,-3.6
190605,64.8,-6.0
190606,73.0,-5.3
190607,87.4,3.2
190608,83.6,0.8
190609,75.5,-2.2
190610,67.4,0.1
190611,52.7,-3.0
190612,48.8,0.7
190701,48.0,-0.6
190702,55.3,2.4
190703,54.2,-3.8
190704,63.7,0.7
190705,66.7,-4.1
190706,72.1,-6.2
190707,80.1,-4.1
190708,78.3,-4.5
190709,70.1,-7.6
190710,64.9,-2.4
190711,54.9,-0.8
190712,49.5,1.4
190801,48.5,-0.1
190802,49.1,-3.8
190803,56.2,-1.8
190804,63.1,0.1
190805,63.9,-6.9
190806,73.0,-5.3
190807,86.7,2.5
190808,81.7,-1.1
190809,74.7,-3.0
190810,62.3,-5.0
190811,55.8,0.1
190812,41.5,-6.6
190901,52.0,3.4
190902,49.9,-3.0
190903,52.3,-5.7
190904,62.9,-0.1
190905,65.9,-4.9
190906,75.1,-3.2
190907,79.5,-4.7
190908,80.9,-1.9
190909,74.5,-3.2
190910,64.2,-3.1
190911,54.0,-1.7
190912,45.4,-2.7
191001,44.7,-3.9
191002,49.3,-3.6
191003,60.0,2.0
191004,65.4,2.4
191005,71.2,0.4
191006,74.0,-4.3
191007,83.4,-0.8
191008,81.9,-0.9
191009,73.7,-4.0
191010,67.0,-0.3
191011,55.1,-0.6
191012,49.1,1.0
191101,50.7,2.1
191102,47.6,-5.3
191103,58.3,0.3
191104,59.2,-3.8
191105,64.2,-6.6
191106,75.4,-2.9
191107,84.3,0.1
191108,77.4,-5.4
191109,70.0,-7.7
191110,64.0,-3.3
191111,53.7,-2.0
191112,44.9,-3.2
191201,48.7,0.1
191202,53.3,0.4
191203,53.4,-4.6
191204,57.0,-6.0
191205,67.7,-3.1
191206,75.5,-2.8
191207,80.0,-4.2
191208,77.9,-4.9
191209,73.4,-4.3
191210,61.9,-5.4
191211,55.5,-0.2
191212,45.7,-2.4
191301,44.7,-3.9
191302,50.8,-2.1
191303,55.1,-2.9
191304,60.9,-2.1
191305,68.7,-2.1
191306,72.3,-6.0
191307,81.1,-3.1
191308,83.2,0.4
191309,76.9,-0.8
191310,66.9,-0.4
191311,55.4,-0.3
191312,47.1,-1.0
191401,50.3,1.7
191402,52.4,-0.5
191403,59.1,1.1
191404,61.0,-2.0
191405,69.0,-1.8
191406,73.8,-4.5
191407,80.7,-3.5
191408,80.5,-2.3
191409,71.8,-5.9
191410,64.8,-2.5
191411,57.6,1.9
191412,44.9,-3.2
191501,47.6,-1.0
191502,52.5,-0.4
191503,58.6,0.6
191504,60.2,-2.8
191505,63.2,-7.6
191506,75.2,-3.1
191507,80.5,-3.7
191508,82.1,-0.7
191509,73.2,-4.5
191510,67.6,0.3
191511,54.1,-1.6
191512,48.5,0.4
191601,45.8,-2.8
191602,55.1,2.2
191603,57.6,-0.4
191604,62.6,-0.4
191605,64.5,-6.3
191606,73.5,-4.8
191607,79.7,-4.5
191608,78.5,-4.3
191609,73.5,-4.2
191610,60.0,-7.3
191611,51.5,-4.2
191612,45.6,-2.5
191701,43.0,-5.6
191702,51.6,-1.3
191703,51.5,-6.5
191704,59.5,-3.5
191705,62.6,-8.2
191706,77.3,-1.0
191707,86.2,2.0
191708,81.4,-1.4
191709,75.6,-2.1
191710,69.5,2.2
191711,56.9,1.2
191712,49.9,1.8
191801,46.6,-2.0
191802,51.6,-1.3
191803,56.7,-1.3
191804,62.0,-1.0
191805,64.0,-6.8
191806,82.7,4.4
191807,80.1,-4.1
191808,79.5,-3.3
191809,72.7,-5.0
191810,66.9,-0.4
191811,53.0,-2.7
191812,45.2,-2.9
191901,48.5,-0.1
191902,49.7,-3.2
191903,52.9,-5.1
191904,62.6,-0.4
191905,70.0,-0.8
191906,75.8,-2.5
191907,83.1,-1.1
191908,81.4,-1.4
191909,73.4,-4.3
191910,62.3,-5.0
191911,53.3,-2.4
191912,47.3,-0.8
192001,48.4,-0.2
192002,52.5,-0.4
192003,52.9,-5.1
192004,59.7,-3.3
192005,68.4,-2.4
192006,75.1,-3.2
192007,79.6,-4.6
192008,81.7,-1.1
192009,72.4,-5.3
192010,60.2,-7.1
192011,54.3,-1.4
192012,47.7,-0.4
192101,46.7,-1.9
192102,51.7,-1.2
192103,57.1,-0.9
192104,59.4,-3.6
192105,63.8,-7.0
192106,76.2,-2.1
192107,84.1,-0.1
192108,80.1,-2.7
192109,73.0,-4.7
192110,66.8,-0.5
192111,57.2,1.5
192112,50.7,2.6
192201,41.9,-6.7
192202,49.8,-3.1
192203,52.8,-5.2
192204,57.7,-5.3
192205,68.8,-2.0
192206,76.7,-1.6
192207,84.1,-0.1
192208,79.3,-3.5
192209,79.3,1.6
192210,64.5,-2.8
192211,51.3,-4.4
192212,50.0,1.9
192301,46.4,-2.2
192302,50.5,-2.4
192303,57.0,-1.0
192304,59.5,-3.5
192305,67.3,-3.5
192306,69.7,-8.6
192307,80.1,-4.1
192308,79.2,-3.6
192309,76.6,-1.1
192310,64.2,-3.1
192311,58.4,2.7
192312,46.4,-1.7
192401,46.9,-1.7
192402,56.6,3.7
192403,54.6,-3.4
192404,62.3,-0.7
192405,72.8,2.0
192406,77.6,-0.7
192407,80.7,-3.5
192408,80.0,-2.8
192409,75.4,-2.3
192410,62.1,-5.2
192411,55.3,-0.4
192412,45.7,-2.4
192501,48.3,-0.3
192502,54.7,1.8
192503,57.0,-1.0
192504,60.9,-2.1
192505,69.1,-1.7
192506,77.3,-1.0
192507,84.0,-0.2
192508,78.8,-4.0
192509,69.6,-8.1
192510,63.6,-3.7
192511,54.4,-1.3
192512,46.4,-1.7
192601,43.4,-5.2
192602,54.4,1.5
192603,61.1,3.1
192604,66.2,3.2
192605,70.7,-0.1
192606,80.6,2.3
192607,83.8,-0.4
192608,80.6,-2.2
192609,71.9,-5.8
192610,67.0,-0.3
192611,61.1,5.4
192612,46.8,-1.3
192701,48.1,-0.5
192702,53.4,0.5
192703,54.6,-3.4
192704,61.0,-2.0
192705,67.3,-3.5
192706,75.5,-2.8
192707,83.1,-1.1
192708,79.2,-3.6
192709,70.3,-7.4
192710,67.3,0.0
192711,54.7,-1.0
192712,47.3,-0.8
192801,46.9,-1.7
192802,52.6,-0.3
192803,59.6,1.6
192804,61.6,-1.4
192805,72.3,1.5
192806,75.8,-2.5
192807,81.5,-2.7
192808,80.8,-2.0
192809,75.8,-1.9
192810,64.9,-2.4
192811,54.2,-1.5
192812,44.3,-3.8
192901,43.3,-5.3
192902,49.5,-3.4
192903,55.6,-2.4
192904,57.5,-5.5
192905,69.6,-1.2
192906,74.9,-3.4
192907,81.0,-3.2
192908,82.3,-0.5
192909,74.7,-3.0
192910,68.4,1.1
192911,57.3,1.6
192912,49.9,1.8
193001,46.7,-1.9
193002,56.1,3.2
193003,57.4,-0.6
193004,63.4,0.4
193005,63.5,-7.3
193006,76.8,-1.5
193007,81.8,-2.4
193008,79.0,-3.8
193009,69.8,-7.9
193010,64.5,-2.8
193011,55.8,0.1
193012,46.5,-1.6
193101,48.8,0.2
193102,54.1,1.2
193103,58.5,0.5
193104,66.1,3.1
193105,73.5,2.7
193106,73.8,-4.5
193107,87.5,3.3
193108,84.3,1.5
193109,72.1,-5.6
193110,65.4,-1.9
193111,52.7,-3.0
193112,46.6,-1.5
193201,44.7,-3.9
193202,50.6,-2.3
193203,58.4,0.4
193204,60.1,-2.9
193205,68.8,-2.0
193206,76.8,-1.5
193207,80.3,-3.9
193208,79.6,-3.2
193209,77.8,0.1
193210,66.0,-1.3
193211,59.9,4.2
193212,43.2,-4.9
193301,42.9,-5.7
193302,48.9,-4.0
193303,56.1,-1.9
193304,60.9,-2.1
193305,62.7,-8.1
193306,73.4,-4.9
193307,85.5,1.3
193308,82.2,-0.6
193309,72.6,-5.1
193310,71.5,4.2
193311,57.6,1.9
193312,46.5,-1.6
193401,46.1,-2.5
193402,54.6,1.7
193403,64.0,6.0
193404,67.7,4.7
193405,71.4,0.6
193406,73.4,-4.9
193407,81.9,-2.3
193408,81.2,-1.6
193409,76.7,-1.0
193410,66.2,-1.1
193411,55.6,-0.1
193412,47.6,-0.5
193501,47.0,-1.6
193502,51.0,-1.9
193503,51.3,-6.7
193504,60.7,-2.3
193505,67.6,-3.2
193506,78.4,0.1
193507,80.4,-3.8
193508,82.4,-0.4
193509,76.5,-1.2
193510,63.4,-3.9
193511,51.2,-4.5
193512,49.2,1.1
193601,50.8,2.2
193602,52.1,-0.8
193603,57.9,-0.1
193604,63.8,0.8
193605,71.0,0.2
193606,76.2,-2.1
193607,85.2,1.0
193608,83.1,0.3
193609,76.3,-1.4
193610,67.5,0.2
193611,55.3,-0.4
193612,46.0,-2.1
193701,40.8,-7.8
193702,51.1,-1.8
193703,56.4,-1.6
193704,60.3,-2.7
193705,70.7,-0.1
193706,75.7,-2.6
193707,83.5,-0.7
193708,82.4,-0.4
193709,75.3,-2.4
193710,68.0,0.7
193711,57.1,1.4
193712,50.9,2.8
193801,46.7,-1.9
193802,52.6,-0.3
193803,52.5,-5.5
193804,61.0,-2.0
193805,69.5,-1.3
193806,77.8,-0.5
193807,82.5,-1.7
193808,80.1,-2.7
193809,76.9,-0.8
193810,64.7,-2.6
193811,53.8,-1.9
193812,49.5,1.4
193901,47.2,-1.4
193902,47.8,-5.1
193903,56.4,-1.6
193904,66.6,3.6
193905,69.5,-1.3
193906,76.6,-1.7
193907,83.0,-1.2
193908,82.2,-0.6
193909,77.1,-0.6
193910,64.5,-2.8
193911,56.9,1.2
193912,51.1,3.0
194001,50.0,1.4
194002,53.9,1.0
194003,58.8,0.8
194004,64.3,1.3
194005,73.4,2.6
194006,81.6,3.3
194007,81.6,-2.6
194008,81.4,-1.4
194009,72.5,-5.2
194010,66.3,-1.0
194011,52.9,-2.8
194012,52.1,4.0
194101,51.0,2.4
194102,54.8,1.9
194103,58.4,0.4
194104,59.9,-3.1
194105,71.0,0.2
194106,75.0,-3.3
194107,83.6,-0.6
194108,78.0,-4.8
194109,71.7,-6.0
194110,62.2,-5.1
194111,56.2,0.5
194112,50.2,2.1
194201,48.5,-0.1
194202,50.2,-2.7
194203,55.6,-2.4
194204,60.9,-2.1
194205,66.5,-4.3
194206,76.9,-1.4
194207,84.5,0.3
194208,81.6,-1.2
194209,73.5,-4.2
194210,66.6,-0.7
194211,53.7,-2.0
194212,47.1,-1.0
194301,46.7,-1.9
194302,52.8,-0.1
194303,57.5,-0.5
194304,63.3,0.3
194305,71.6,0.8
194306,72.8,-5.5
194307,82.2,-2.0
194308,78.4,-4.4
194309,76.9,-0.8
194310,65.6,-1.7
194311,55.2,-0.5
194312,48.9,0.8
194401,48.0,-0.6
194402,49.8,-3.1
194403,56.0,-2.0
194404,59.3,-3.7
194405,70.7,-0.1
194406,73.2,-5.1
194407,81.2,-3.0
194408,80.0,-2.8
194409,76.4,-1.3
194410,67.5,0.2
194411,52.6,-3.1
194412,48.6,0.5
194501,44.7,-3.9
194502,52.0,-0.9
194503,51.7,-6.3
194504,62.2,-0.8
194505,67.0,-3.8
194506,76.2,-2.1
194507,84.4,0.2
194508,79.6,-3.2
194509,75.7,-2.0
194510,66.9,-0.4
194511,53.6,-2.1
194512,47.8,-0.3
194601,44.6,-4.0
194602,49.5,-3.4
194603,55.0,-3.0
194604,64.5,1.5
194605,68.7,-2.1
194606,74.7,-3.6
194607,82.1,-2.1
194608,81.3,-1.5
194609,74.9,-2.8
194610,61.7,-5.6
194611,50.8,-4.9
194612,45.8,-2.3
194701,41.1,-7.5
194702,52.5,-0.4
194703,59.1,1.1
194704,64.9,1.9
194705,73.2,2.4
194706,76.6,-1.7
194707,79.2,-5.0
194708,77.8,-5.0
194709,77.2,-0.5
194710,65.4,-1.9
194711,50.7,-5.0
194712,45.4,-2.7
194801,51.4,2.8
194802,49.2,-3.7
194803,53.4,-4.6
194804,60.0,-3.0
194805,65.4,-5.4
194806,75.9,-2.4
194807,80.4,-3.8
194808,79.0,-3.8
194809,74.1,-3.6
194810,65.2,-2.1
194811,53.0,-2.7
194812,44.6,-3.5
194901,39.8,-8.8
194902,47.4,-5.5
194903,54.6,-3.4
194904,65.8,2.8
194905,68.7,-2.1
194906,78.7,0.4
194907,81.3,-2.9
194908,77.2,-5.6
194909,76.8,-0.9
194910,64.2,-3.1
194911,59.1,3.4
194912,45.8,-2.3
195001,44.3,-4.3
195002,53.1,0.2
195003,55.0,-3.0
195004,64.5,1.5
195005,70.1,-0.7
195006,74.4,-3.9
195007,84.0,-0.2
195008,80.9,-1.9
195009,73.8,-3.9
195010,67.6,0.3
195011,59.8,4.1
195012,52.6,4.5
195101,47.2,-1.4
195102,51.5,-1.4
195103,55.2,-2.8
195104,62.7,-0.3
195105,69.9,-0.9
195106,75.8,-2.5
195107,80.8,-3.4
195108,79.5,-3.3
195109,76.6,-1.1
195110,64.8,-2.5
195111,57.1,1.4
195112,46.4,-1.7
195201,46.8,-1.8
195202,51.5,-1.4
195203,51.7,-6.3
195204,62.5,-0.5
195205,71.3,0.5
195206,70.6,-7.7
195207,83.3,-0.9
195208,80.7,-2.1
195209,77.2,-0.5
195210,69.8,2.5
195211,54.2,-1.5
195212,48.5,0.4
195301,52.2,3.6
195302,50.0,-2.9
195303,54.9,-3.1
195304,61.0,-2.0
195305,63.4,-7.4
195306,70.9,-7.4
195307,84.1,-0.1
195308,77.1,-5.7
195309,77.1,-0.6
195310,64.9,-2.4
195311,56.0,0.3
195312,47.4,-0.7
195401,48.4,-0.2
195402,51.2,-1.7
195403,53.4,-4.6
195404,65.6,2.6
195405,71.3,0.5
195406,73.3,-5.0
195407,83.0,-1.2
195408,76.2,-6.6
195409,72.9,-4.8
195410,65.3,-2.0
195411,54.0,-1.7
195412,45.4,-2.7
195501,43.2,-5.4
195502,48.7,-4.2
195503,55.5,-2.5
195504,56.5,-6.5
195505,67.2,-3.6
195506,73.9,-4.4
195507,77.8,-6.4
195508,81.8,-1.0
195509,76.2,-1.5
195510,66.6,-0.7
195511,52.2,-3.5
195512,51.7,3.6
195601,49.7,1.1
195602,47.1,-5.8
195603,55.4,-2.6
195604,61.2,-1.8
195605,68.5,-2.3
195606,75.9,-2.4
195607,81.4,-2.8
195608,77.6,-5.2
195609,76.1,-1.6
195610,63.1,-4.2
195611,54.8,-0.9
195612,46.1,-2.0
195701,44.1,-4.5
195702,54.9,2.0
195703,56.5,-1.5
195704,62.2,-0.8
195705,66.7,-4.1
195706,78.7,0.4
195707,81.9,-2.3
195708,78.1,-4.7
195709,75.8,-1.9
195710,64.2,-3.1
195711,53.5,-2.2
195712,46.9,-1.2
195801,48.0,-0.6
195802,55.3,2.4
195803,53.4,-4.6
195804,60.8,-2.2
195805,71.5,0.7
195806,74.4,-3.9
195807,81.1,-3.1
195808,84.9,2.1
195809,76.6,-1.1
195810,70.8,3.5
195811,56.0,0.3
195812,51.2,3.1
195901,50.6,2.0
195902,51.3,-1.6
195903,59.3,1.3
195904,67.2,4.2
195905,66.5,-4.3
195906,78.0,-0.3
195907,84.8,0.6
195908,79.4,-3.4
195909,73.5,-4.2
195910,68.1,0.8
195911,56.6,0.9
195912,48.0,-0.1
196001,48.5,-0.1
196002,51.1,-1.8
196003,58.4,0.4
196004,61.7,-1.3
196005,67.8,-3.0
196006,81.6,3.3
196007,84.5,0.3
196008,80.1,-2.7
196009,76.8,-0.9
196010,64.7,-2.6
196011,53.2,-2.5
196012,45.2,-2.9
196101,44.0,-4.6
196102,53.2,0.3
196103,55.0,-3.0
196104,63.0,0.0
196105,65.5,-5.3
196106,80.4,2.1
196107,84.1,-0.1
196108,82.7,-0.1
196109,73.5,-4.2
196110,65.4,-1.9
196111,53.0,-2.7
196112,44.8,-3.3
196201,42.5,-6.1
196202,49.3,-3.6
196203,53.2,-4.8
196204,65.8,2.8
196205,66.0,-4.8
196206,76.9,-1.4
196207,82.0,-2.2
196208,79.9,-2.9
196209,75.8,-1.9
196210,65.0,-2.3
196211,56.2,0.5
196212,48.5,0.4
196301,43.3,-5.3
196302,57.5,4.6
196303,54.4,-3.6
196304,57.0,-6.0
196305,68.7,-2.1
196306,74.2,-4.1
196307,79.6,-4.6
196308,79.3,-3.5
196309,77.6,-0.1
196310,66.5,-0.8
196311,53.1,-2.6
196312,41.1,-7.0
196401,44.9,-3.7
196402,48.4,-4.5
196403,52.4,-5.6
196404,59.9,-3.1
196405,66.0,-4.8
196406,74.4,-3.9
196407,82.0,-2.2
196408,80.0,-2.8
196409,72.1,-5.6
196410,69.3,2.0
196411,52.2,-3.5
196412,50.0,1.9
196501,47.4,-1.2
196502,50.6,-2.3
196503,56.6,-1.4
196504,61.8,-1.2
196505,68.5,-2.3
196506,72.5,-5.8
196507,79.9,-4.3
196508,79.9,-2.9
196509,69.6,-8.1
196510,66.8,-0.5
196511,55.8,0.1
196512,43.0,-5.1
196601,44.4,-4.2
196602,48.3,-4.6
196603,57.4,-0.6
196604,66.6,3.6
196605,72.0,1.2
196606,77.4,-0.9
196607,79.3,-4.9
196608,82.0,-0.8
196609,73.9,-3.8
196610,65.8,-1.5
196611,57.9,2.2
196612,46.3,-1.8
196701,47.1,-1.5
196702,50.0,-2.9
196703,55.5,-2.5
196704,53.6,-9.4
196705,69.8,-1.0
196706,75.3,-3.0
196707,84.8,0.6
196708,84.6,1.8
196709,78.5,0.8
196710,67.0,-0.3
196711,57.8,2.1
196712,43.6,-4.5
196801,45.8,-2.8
196802,56.9,4.0
196803,56.9,-1.1
196804,62.5,-0.5
196805,69.1,-1.7
196806,79.0,0.7
196807,83.4,-0.8
196808,78.3,-4.5
196809,74.8,-2.9
196810,64.4,-2.9
196811,52.9,-2.8
196812,44.4,-3.7
196901,45.8,-2.8
196902,48.6,-4.3
196903,54.1,-3.9
196904,60.7,-2.3
196905,71.5,0.7
196906,73.9,-4.4
196907,82.0,-2.2
196908,80.7,-2.1
196909,76.8,-0.9
196910,60.7,-6.6
196911,54.2,-1.5
196912,47.3,-0.8
197001,50.1,1.5
197002,53.7,0.8
197003,56.4,-1.6
197004,58.0,-5.0
197005,71.9,1.1
197006,77.6,-0.7
197007,84.3,0.1
197008,80.9,-1.9
197009,74.0,-3.7
197010,64.5,-2.8
197011,56.5,0.8
197012,47.4,-0.7
197101,46.7,-1.9
197102,48.7,-4.2
197103,55.4,-2.6
197104,60.1,-2.9
197105,65.3,-5.5
197106,75.5,-2.8
197107,83.0,-1.2
197108,82.1,-0.7
197109,74.4,-3.3
197110,61.9,-5.4
197111,51.7,-4.0
197112,43.6,-4.5
197201,41.3,-7.3
197202,53.2,0.3
197203,61.4,3.4
197204,61.8,-1.2
197205,70.6,-0.2
197206,78.3,0.0
197207,82.2,-2.0
197208,80.4,-2.4
197209,72.5,-5.2
197210,63.3,-4.0
197211,50.9,-4.8
197212,41.6,-6.5
197301,45.8,-2.8
197302,52.6,-0.3
197303,51.1,-6.9
197304,61.9,-1.1
197305,73.7,2.9
197306,79.3,1.0
197307,81.1,-3.1
197308,79.2,-3.6
197309,72.8,-4.9
197310,64.0,-3.3
197311,53.6,-2.1
197312,47.9,-0.2
197401,48.6,0.0
197402,49.8,-3.1
197403,57.0,-1.0
197404,60.7,-2.3
197405,70.2,-0.6
197406,78.3,0.0
197407,82.0,-2.2
197408,80.0,-2.8
197409,78.2,0.5
197410,66.7,-0.6
197411,53.9,-1.8
197412,45.8,-2.3
197501,44.7,-3.9
197502,51.1,-1.8
197503,53.9,-4.1
197504,55.7,-7.3
197505,69.9,-0.9
197506,76.9,-1.4
197507,80.3,-3.9
197508,78.0,-4.8
197509,77.7,0.0
197510,63.9,-3.4
197511,51.3,-4.4
197512,45.6,-2.5
197601,46.0,-2.6
197602,52.0,-0.9
197603,54.6,-3.4
197604,58.3,-4.7
197605,71.6,0.8
197606,75.2,-3.1
197607,81.2,-3.0
197608,74.8,-8.0
197609,74.5,-3.2
197610,67.2,-0.1
197611,55.5,-0.2
197612,46.1,-2.0
197701,43.9,-4.7
197702,53.1,0.2
197703,51.9,-6.1
197704,65.0,2.0
197705,63.2,-7.6
197706,79.4,1.1
197707,81.0,-3.2
197708,80.2,-2.6
197709,73.5,-4.2
197710,66.3,-1.0
197711,54.1,-1.6
197712,50.8,2.7
197801,51.0,2.4
197802,52.1,-0.8
197803,59.8,1.8
197804,58.5,-4.5
197805,69.5,-1.3
197806,75.8,-2.5
197807,81.9,-2.3
197808,81.0,-1.8
197809,72.5,-5.2
197810,69.5,2.2
197811,51.6,-4.1
197812,42.4,-5.7
197901,46.6,-2.0
197902,51.0,-1.9
197903,56.9,-1.1
197904,62.3,-0.7
197905,70.6,-0.2
197906,77.5,-0.8
197907,81.8,-2.4
197908,79.4,-3.4
197909,79.0,1.3
197910,67.3,0.0
197911,53.5,-2.2
197912,46.4,-1.7
198001,49.0,0.4
198002,53.3,0.4
198003,53.2,-4.8
198004,61.4,-1.6
198005,66.7,-4.1
198006,73.2,-5.1
198007,83.5,-0.7
198008,80.2,-2.6
198009,75.1,-2.6
198010,67.9,0.6
198011,54.4,-1.3
198012,47.2,-0.9
198101,48.3,-0.3
198102,52.3,-0.6
198103,54.8,-3.2
198104,63.5,0.5
198105,71.2,0.4
198106,83.2,4.9
198107,85.2,1.0
198108,83.2,0.4
198109,76.8,-0.9
198110,61.7,-5.6
198111,55.8,0.1
198112,48.0,-0.1
198201,42.0,-6.6
198202,50.9,-2.0
198203,51.7,-6.3
198204,58.3,-4.7
198205,69.6,-1.2
198206,73.2,-5.1
198207,81.3,-2.9
198208,80.7,-2.1
198209,72.7,-5.0
198210,65.3,-2.0
198211,51.4,-4.3
198212,45.7,-2.4
198301,45.5,-3.1
198302,53.4,0.5
198303,56.2,-1.8
198304,58.2,-4.8
198305,69.0,-1.8
198306,76.0,-2.3
198307,78.0,-6.2
198308,81.6,-1.2
198309,78.3,0.6
198310,67.4,0.1
198311,54.8,-0.9
198312,50.7,2.6
198401,47.3,-1.3
198402,50.9,-2.0
198403,58.9,0.9
198404,61.1,-1.9
198405,73.2,2.4
198406,76.4,-1.9
198407,85.7,1.5
198408,81.8,-1.0
198409,79.3,1.6
198410,62.1,-5.2
198411,53.4,-2.3
198412,45.8,-2.3
198501,42.7,-5.9
198502,50.1,-2.8
198503,51.9,-6.1
198504,66.0,3.0
198505,68.2,-2.6
198506,80.6,2.3
198507,84.7,0.5
198508,79.2,-3.6
198509,71.1,-6.6
198510,63.8,-3.5
198511,51.3,-4.4
198512,42.6,-5.5
198601,52.4,3.8
198602,54.4,1.5
198603,59.1,1.1
198604,61.5,-1.5
198605,70.1,-0.7
198606,78.2,-0.1
198607,80.7,-3.5
198608,83.0,0.2
198609,70.1,-7.6
198610,65.7,-1.6
198611,55.5,-0.2
198612,46.3,-1.8
198701,44.2,-4.4
198702,52.0,-0.9
198703,56.1,-1.9
198704,67.2,4.2
198705,72.3,1.5
198706,78.9,0.6
198707,77.5,-6.7
198708,80.7,-2.1
198709,76.0,-1.7
198710,70.6,3.3
198711,52.8,-2.9
198712,44.7,-3.4
198801,46.5,-2.1
198802,52.7,-0.2
198803,57.3,-0.7
198804,62.1,-0.9
198805,67.5,-3.3
198806,76.1,-2.2
198807,86.0,1.8
198808,81.7,-1.1
198809,76.9,-0.8
198810,69.2,1.9
198811,54.8,-0.9
198812,45.0,-3.1
198901,43.4,-5.2
198902,49.2,-3.7
198903,58.4,0.4
198904,67.7,4.7
198905,70.1,-0.7
198906,77.5,-0.8
198907,83.0,-1.2
198908,79.7,-3.1
198909,74.7,-3.0
198910,65.8,-1.5
198911,54.8,-0.9
198912,44.3,-3.8
199001,46.0,-2.6
199002,48.5,-4.4
199003,57.8,-0.2
199004,66.2,3.2
199005,68.6,-2.2
199006,77.3,-1.0
199007,84.5,0.3
199008,81.1,-1.7
199009,76.3,-1.4
199010,68.2,0.9
199011,53.4,-2.3
199012,42.0,-6.1
199101,47.5,-1.1
199102,56.3,3.4
199103,52.0,-6.0
199104,60.0,-3.0
199105,66.6,-4.2
199106,75.2,-3.1
199107,84.2,0.0
199108,79.1,-3.7
199109,80.3,2.6
199110,71.0,3.7
199111,56.3,0.6
199112,47.5,-0.6
199201,43.2,-5.4
199202,56.0,3.1
199203,59.3,1.3
199204,67.3,4.3
199205,76.6,5.8
199206,77.4,-0.9
199207,81.8,-2.4
199208,83.7,0.9
199209,77.4,-0.3
199210,69.1,1.8
199211,54.7,-1.0
199212,45.8,-2.3
199301,47.6,-1.0
199302,52.4,-0.5
199303,60.7,2.7
199304,62.2,-0.8
199305,70.4,-0.4
199306,76.2,-2.1
199307,80.7,-3.5
199308,80.2,-2.6
199309,76.2,-1.5
199310,68.2,0.9
199311,54.4,-1.3
199312,46.1,-2.0
199401,47.4,-1.2
199402,50.4,-2.5
199403,59.8,1.8
199404,63.7,0.7
199405,69.0,-1.8
199406,78.2,-0.1
199407,83.8,-0.4
199408,82.8,0.0
199409,75.8,-1.9
199410,65.2,-2.1
199411,48.6,-7.1
199412,45.8,-2.3
199501,52.4,3.8
199502,54.6,1.7
199503,56.7,-1.3
199504,61.2,-1.8
199505,66.7,-4.1
199506,73.8,-4.5
199507,81.1,-3.1
199508,83.0,0.2
199509,76.8,-0.9
199510,67.2,-0.1
199511,59.2,3.5
199512,51.0,2.9
199601,48.8,0.2
199602,54.8,1.9
199603,57.7,-0.3
199604,64.1,1.1
199605,70.4,-0.4
199606,78.2,-0.1
199607,85.9,1.7
199608,83.9,1.1
199609,75.3,-2.4
199610,64.6,-2.7
199611,54.4,-1.3
199612,49.6,1.5
199701,49.2,0.6
199702,50.8,-2.1
199703,60.4,2.4
199704,64.0,1.0
199705,75.8,5.0
199706,76.3,-2.0
199707,81.8,-2.4
199708,81.1,-1.7
199709,77.8,0.1
199710,64.3,-3.0
199711,57.4,1.7
199712,45.2,-2.9
199801,49.5,0.9
199802,50.5,-2.4
199803,56.0,-2.0
199804,59.5,-3.5
199805,62.5,-8.3
199806,72.0,-6.3
199807,82.6,-1.6
199808,84.5,1.7
199809,76.3,-1.4
199810,63.6,-3.7
199811,53.5,-2.2
199812,43.3,-4.8
199901,45.2,-3.4
199902,50.4,-2.5
199903,54.0,-4.0
199904,59.0,-4.0
199905,68.5,-2.3
199906,76.4,-1.9
199907,81.1,-3.1
199908,78.9,-3.9
199909,77.8,0.1
199910,69.2,1.9
199911,57.4,1.7
199912,47.5,-0.6
200001,50.7,2.1
200002,54.3,1.4
200003,56.9,-1.1
200004,64.6,1.6
200005,71.5,0.7
200006,80.3,2.0
200007,79.3,-4.9
200008,81.7,-1.1
200009,75.0,-2.7
200010,64.4,-2.9
200011,49.7,-6.0
200012,48.3,0.2
200101,46.7,-1.9
200102,49.2,-3.7
200103,59.2,1.2
200104,59.1,-3.9
200105,77.8,7.0
200106,80.2,1.9
200107,82.1,-2.1
200108,82.4,-0.4
200109,77.4,-0.3
200110,69.0,1.7
200111,56.9,1.2
200112,47.9,-0.2
200201,45.5,-3.1
200202,52.7,-0.2
200203,55.5,-2.5
200204,63.3,0.3
200205,70.1,-0.7
200206,78.6,0.3
200207,84.6,0.4
200208,80.5,-2.3
200209,77.6,-0.1
200210,65.7,-1.6
200211,56.7,1.0
200212,49.9,1.8
200301,51.0,2.4
200302,51.6,-1.3
200303,58.6,0.6
200304,59.1,-3.9
200305,69.9,-0.9
200306,78.9,0.6
200307,87.0,2.8
200308,81.9,-0.9
200309,79.7,2.0
200310,70.3,3.0
200311,52.7,-3.0
200312,49.8,1.7
200401,47.0,-1.6
200402,51.0,-1.9
200403,63.0,5.0
200404,66.3,3.3
200405,71.3,0.5
200406,77.9,-0.4
200407,83.8,-0.4
200408,81.8,-1.0
200409,76.4,-1.3
200410,64.5,-2.8
200411,52.2,-3.5
200412,47.0,-1.1
200501,47.9,-0.7
200502,54.9,2.0
200503,58.3,0.3
200504,60.1,-2.9
200505,69.9,-0.9
200506,74.2,-4.1
200507,87.3,3.1
200508,84.5,1.7
200509,74.4,-3.3
200510,66.4,-0.9
200511,58.0,2.3
200512,51.5,3.4
200601,49.2,0.6
200602,52.9,0.0
200603,50.6,-7.4
200604,60.2,-2.8
200605,72.4,1.6
200606,81.1,2.8
200607,88.3,4.1
200608,80.6,-2.2
200609,76.4,-1.3
200610,64.4,-2.9
200611,55.9,0.2
200612,47.6,-0.5
200701,44.2,-4.4
200702,51.9,-1.0
200703,60.7,2.7
200704,63.4,0.4
200705,72.0,1.2
200706,78.4,0.1
200707,83.7,-0.5
200708,83.3,0.5
200709,74.2,-3.5
200710,65.0,-2.3
200711,57.8,2.1
200712,45.9,-2.2
200801,47.4,-1.2
200802,51.6,-1.3
200803,57.4,-0.6
200804,62.2,-0.8
200805,70.8,0.0
200806,79.6,1.3
200807,84.3,0.1
200808,84.6,1.8
200809,78.5,0.8
200810,67.6,0.3
200811,58.0,2.3
200812,45.4,-2.7
200901,48.2,-0.4
200902,52.0,-0.9
200903,56.5,-1.5
200904,62.5,-0.5
200905,75.8,5.0
200906,76.2,-2.1
200907,85.5,1.3
200908,82.2,-0.6
200909,80.2,2.5
200910,64.1,-3.2
200911,54.6,-1.1
200912,47.7,-0.4
201001,49.1,0.5
201002,52.7,-0.2
201003,55.9,-2.1
201004,58.2,-4.8
201005,65.6,-5.2
201006,78.1,-0.2
201007,83.5,-0.7
201008,80.4,-2.4
201009,77.4,-0.3
201010,68.5,1.2
201011,54.3,-1.4
201012,51.4,3.3
201101,47.1,-1.5
201102,49.6,-3.3
201103,55.9,-2.1
201104,61.2,-1.8
201105,65.6,-5.2
201106,75.5,-2.8
201107,82.5,-1.7
201108,82.9,0.1
201109,80.8,3.1
201110,68.5,1.2
201111,54.0,-1.7
201112,46.1,-2.0
201201,49.8,1.2
201202,53.2,0.3
201203,56.7,-1.3
201204,63.5,0.5
201205,72.4,1.6
201206,77.9,-0.4
201207,83.4,-0.8
201208,86.6,3.8
201209,81.4,3.7
201210,69.1,1.8
201211,58.3,2.6
201212,50.9,2.8
201301,47.2,-1.4
201302,51.1,-1.8
201303,62.2,4.2
201304,67.6,4.6
201305,73.1,2.3
201306,81.0,2.7
201307,87.1,2.9
201308,83.0,0.2
201309,77.9,0.2
201310,66.6,-0.7
201311,58.5,2.8
201312,47.4,-0.7
201401,53.2,4.6
201402,56.8,3.9
201403,62.4,4.4
201404,66.8,3.8
201405,74.3,3.5
201406,81.0,2.7
201407,86.9,2.7
201408,84.4,1.6
201409,80.8,3.1
201410,72.0,4.7
201411,58.4,2.7
201412,52.6,4.5
201501,49.7,1.1
201502,57.7,4.8
201503,64.7,6.7
201504,65.0,2.0
201505,69.2,-1.6
201506,82.7,4.4
201507,83.8,-0.4
201508,83.1,0.3
201509,79.4,1.7
201510,72.0,4.7
201511,52.7,-3.0
201512,46.5,-1.6
201601,50.7,2.1
201602,56.2,3.3
201603,59.4,1.4
201604,66.0,3.0
201605,72.0,1.2
201606,81.6,3.3
201607,84.7,0.5
201608,83.2,0.4
201609,76.8,-0.9
201610,67.1,-0.2
201611,58.2,2.5
201612,47.9,-0.2
201701,48.8,0.2
201702,54.6,1.7
201703,59.4,1.4
201704,62.8,-0.2
201705,71.7,0.9
201706,81.2,2.9
201707,87.2,3.0
201708,85.9,3.1
201709,77.9,0.2
201710,66.4,-0.9
201711,58.7,3.0
201712,48.7,0.6
201801,53.3,4.7
201802,53.9,1.0
201803,57.5,-0.5
201804,64.9,1.9
201805,70.9,0.1
201806,79.4,1.1
201807,88.2,4.0
201808,83.0,0.2
201809,78.0,0.3
201810,68.1,0.8
201811,57.8,2.1
201812,50.0,1.9
201901,52.5,3.9
201902,49.2,-3.7
201903,57.4,-0.6
201904,67.1,4.1
201905,66.7,-4.1
201906,80.7,2.4
201907,84.3,0.1
201908,84.8,2.0
201909,77.2,-0.5
201910,65.5,-1.8
201911,57.9,2.2
201912,51.0,2.9
202001,49.0,0.4
202002,55.0,2.1
202003,56.6,-1.4
202004,64.1,1.1
202005,73.4,2.6
202006,79.5,1.2
202007,84.6,0.4
202008,86.2,3.4
202009,79.8,2.1
202010,71.6,4.3
202011,54.9,-0.8
202012,48.9,0.8
202101,50.4,1.8
202102,54.1,1.2
202103,56.3,-1.7
202104,65.9,2.9
202105,73.4,2.6
202106,82.6,4.3
202107,88.7,4.5
202108,85.2,2.4
202109,79.6,1.9
202110,65.1,-2.2
202111,57.2,1.5
202112,48.1,0.0
202201,50.1,1.5
202202,53.8,0.9
202203,60.5,2.5
202204,64.4,1.4
202205,71.5,0.7
202206,81.2,2.9
202207,85.7,1.5
202208,86.7,3.9
202209,82.2,4.5
202210,71.0,3.7
202211,52.1,-3.6
202212,46.4,-1.7
202301,49.6,1.0
