County,1940,1947,1948,1949,1950,1951,1952,1953,1954,1955,1956,1957,1958,1959,1960,1961,1962,1963,1964,1965,1966,1967,1968,1969,1970,1971,1972,1973,1974,1975,1976,1977,1978,1979,1980,1981,1982,1983,1984,1985,1986,1987,1988,1989,1990,1991,1992,1993,1994,1995,1996,1997,1998,1999,2000,2001,2002,2003,2004,2005,2006,2007,2008,2009,2010,2011,2012,2013,2014,2015,2016,2017,2018,2019,2020,2021,2022
Alameda,513011,708400,717700,725100,743600,760300,781600,794100,823400,824900,846800,853100,870200,887000,912600,933900,956000,978200,1000300,1018000,1037500,1049900,1059600,1070500,1073000,1087700,1098500,1095000,1098900,1107900,1105600,1106800,1109700,1103900,1109500,1126000,1141400,1160500,1177200,1196000,1215200,1228800,1250600,1271000,1276100,1293363,1312023,1324224,1330821,1335230,1345787,1376952,1401090,1423529,1448768,1465564,1468468,1467187,1465540,1459882,1464839,1476401,1491781,1503827,,,,,,,,,,,1676458,1654938,1638979
Alpine,323,200,200,200,200,200,300,300,300,300,300,300,300,400,400,400,400,400,400,400,400,400,400,500,500,600,600,700,700,800,800,900,1000,1100,1100,1100,1100,1100,1100,1100,1100,1100,1100,1100,1094,1121,1131,1132,1119,1171,1214,1237,1192,1171,1203,1237,1248,1249,1266,1208,1255,1248,1208,1180,1177.0,1181.0,1186.0,1193.0,1199.0,1201.0,1207.0,1211.0,1208.0,1205.0,1201,1181,1175
Amador,8973,9600,10800,9200,9200,9300,9300,9200,9100,9000,9000,9100,9400,9700,10000,10200,10500,10700,11100,10900,11000,11100,11200,11500,11900,12800,12900,13900,15000,15200,15300,16300,17500,18700,19500,20100,20400,20800,21400,22200,22800,24000,26400,28300,30462,31641,32176,32897,33192,33395,33812,34487,34098,34769,35205,35784,36535,36776,37147,37722,37964,38085,37864,37905,37714.0,37122.0,36903.0,36561.0,36930.0,36905.0,37929.0,38549.0,40038.0,40279.0,40446,40222,40052
Butte,42840,56700,59900,63300,64800,65000,65900,66400,68800,71100,74200,77200,79400,80900,83200,87000,90900,93700,95800,97300,99900,101300,100200,100000,102500,106000,110400,113800,118100,120700,125000,130200,134500,138500,144900,148800,152500,154900,157600,161600,164400,168100,173400,176900,183229,187561,190704,192812,195327,197464,197753,199630,200393,201632,203446,205730,208154,210623,212212,213698,215684,217115,218485,219287,220619.0,222149.0,224316.0,225544.0,227830.0,229359.0,230681.0,233080.0,234627.0,226714.0,210426,206694,206932
Calaveras,8221,9100,9400,9800,9900,9800,9800,9800,9800,9900,10000,9900,10100,10100,10400,10600,10900,11400,11600,11800,12200,12700,13100,13300,13700,13800,14300,14800,15400,15500,16000,17000,18600,19900,20900,21700,22800,23500,24200,25000,26100,27600,28800,30600,32466,34507,35932,36735,37607,38352,38608,39925,39677,40288,40658,41428,42119,43186,43924,44773,45316,45638,45702,45562,45565.0,45519.0,45512.0,45429.0,45423.0,45414.0,45365.0,45354.0,45365.0,45285.0,45277,45013,44833
Colusa,9788,10300,10500,11000,11600,11500,11600,11400,11400,11500,11700,12000,12100,12000,12200,12200,12300,12600,12300,12200,12100,12300,12200,12400,12400,12300,12300,12300,12600,12800,13000,12900,12900,13100,12900,13200,13800,14000,14000,14600,14800,14800,15300,15900,16300,16694,16983,17319,17556,17833,18148,18461,18457,18594,18880,19068,19391,19685,20184,20565,20893,21119,21172,21270,21322.0,21356.0,21406.0,21464.0,21414.0,21455.0,21677.0,21792.0,21690.0,21745.0,21777,21867,21923
Contra Costa,100450,278900,283100,293000,302700,315700,340300,351600,335900,337900,348500,365300,380200,395500,413200,425200,439400,457700,473200,491900,510500,529200,538800,549600,557500,567700,572100,576200,579600,586600,602100,618200,632100,644700,658500,667200,678500,689700,698000,710900,725800,740800,760800,785000,806315,823658,840825,856384,865554,872804,883351,901948,919754,937226,953675,970496,978795,989705,998201,1004230,1010104,1021251,1033292,1043501,1053028.0,1068330.0,1082513.0,1098192.0,1112733.0,1128317.0,1141566.0,1149457.0,1158017.0,1162287.0,1165556,1160418,1149586
Del Norte,4745,7100,7400,7900,8400,9700,11000,12200,13300,14400,15300,17600,17900,18600,17800,17400,16900,16600,16600,16100,15700,15200,14700,14500,14600,15100,15300,15500,16000,16200,16300,16800,17600,17700,18300,18900,18700,18900,18800,19100,19500,20000,20900,20400,24426,26567,27264,27591,27824,27862,27783,28648,27963,27513,27447,27418,27615,27871,28187,28315,28276,28480,28571,28559,28421.0,28261.0,28038.0,27589.0,27260.0,27113.0,27070.0,26898.0,27572.0,27604.0,27638,27365,26604
El Dorado,13229,15600,15900,16000,16200,16500,16900,17400,18400,18800,19700,21500,23600,26600,29900,32100,34100,36000,38600,40700,42500,42100,42200,43000,44100,47200,49900,52700,56100,59400,62000,67600,74200,80900,86500,89300,92300,93300,95300,99100,102900,107600,114000,119700,127305,133089,136719,140871,142819,144910,146992,149758,151958,154507,158288,161880,164725,167670,170304,173181,175258,177195,178599,179701,181135.0,180832.0,180978.0,181963.0,181898.0,182205.0,182937.0,184800.0,187122.0,187905.0,191032,191309,189382
Fresno,178565,254600,260800,268300,275900,277000,287100,295500,302800,313000,322600,332800,344100,356900,368500,377500,384600,391600,398000,405000,410900,414500,411500,410200,413800,423000,431000,434600,439900,452400,472200,485400,495500,504600,517400,529000,541600,555900,571300,582800,593300,609100,627500,649000,670250,695373,716140,730722,740909,755971,766333,774838,780261,789748,802224,815003,828637,845917,860226,871910,886376,899826,913239,923895,932842.0,941793.0,949363.0,955481.0,963010.0,970859.0,977361.0,985393.0,993965.0,1001640.0,1007344,1010453,1012350
Glenn,12195,14100,14600,15000,15500,15600,15700,16100,16400,16500,16900,17300,17200,17100,17400,17600,17900,17900,17800,18000,18300,17900,17600,17500,17500,17700,18200,18700,19100,19300,19800,20200,20300,21000,21500,22000,22200,22700,22600,22900,23000,23000,23500,24200,24827,25318,25757,25915,25925,26398,26342,26463,26319,26308,26555,26611,26792,27156,27264,27525,27731,28013,28120,28056,28220.0,28219.0,28009.0,28014.0,28075.0,28001.0,28005.0,28072.0,28134.0,28525.0,28891,28734,28685
Humboldt,45812,54600,59400,65300,70300,74400,77800,82300,85900,90100,94200,96100,97400,101400,104900,103900,103100,100500,100100,100300,101100,99000,97800,98100,100200,101300,102400,104500,105800,106600,105700,106900,107400,108000,108900,110500,109900,109600,110200,110600,111700,112700,114700,117000,119370,121433,123386,124670,124462,124979,125340,126347,125453,126393,126665,127348,128755,130179,131243,131689,132226,132657,133201,133766,135187.0,135810.0,135500.0,135676.0,135710.0,136348.0,137346.0,137492.0,137493.0,136740.0,136204,134639,134417
Imperial,59740,61800,62600,62800,62800,62800,65800,68100,69300,69700,70300,71700,73100,74000,73000,72700,73000,74500,74800,75500,76300,75700,74900,74200,74400,75000,76300,78500,81000,83400,84700,86700,88400,89800,92500,94100,95300,96400,96900,98600,99800,101300,103600,106100,110074,115211,122788,130169,133519,136183,138126,139026,139223,140822,143151,144726,147185,150909,153937,157657,162532,166894,170104,173241,175188.0,176872.0,177385.0,177312.0,178967.0,179952.0,180280.0,180627.0,180627.0,180809.0,180182,179340,179062
Inyo,7625,9000,10000,11300,11700,11800,11600,11300,11400,11700,12000,11700,11300,11400,11700,12100,12200,12900,13500,14000,14500,14900,15200,15500,15600,16200,16700,17000,17000,17600,17800,17900,17900,18100,17900,17900,18400,18400,18100,18000,17800,17700,17900,18000,18198,18298,18284,18337,18483,18371,18401,18466,18404,18162,18116,18207,18415,18507,18559,18463,18421,18447,18383,18448,18560.0,18624.0,18702.0,18761.0,18873.0,18911.0,18956.0,18945.0,18953.0,18947.0,18985,18879,18864
Kern,135124,204400,215200,222700,229600,231600,243400,249100,252800,259400,267000,275600,282800,288600,294900,300800,304500,310700,315600,320700,322800,325300,325300,326100,331100,338600,343400,346400,349800,361800,363900,373600,383600,393400,406100,419000,433600,446900,459200,473800,485900,497900,511200,525100,547992,571684,590452,601624,612169,618968,625818,635822,640659,653400,664373,679674,696504,717797,740022,761972,786220,805798,819891,831134,841932.0,850117.0,858439.0,867036.0,872913.0,878081.0,880702.0,888203.0,895655.0,903150.0,905241,908195,908513
Kings,35168,44300,44800,46000,46600,46500,47900,47200,46900,47000,47000,47600,48600,49300,50500,52700,56800,61000,62400,63100,64500,65500,66200,66500,66700,67400,67700,68900,68100,69400,70700,72100,73100,73300,74200,75800,77800,80300,81900,83900,84500,86200,92800,98300,101866,105828,108709,111462,113789,115865,116194,117923,123424,127440,129764,132441,134664,138772,142617,144601,147496,150378,151834,151794,152355.0,151488.0,149766.0,149667.0,148494.0,148525.0,147615.0,148933.0,151040.0,151691.0,152200,151514,151337
Lake,8069,11900,12100,11400,11500,11500,11800,11900,11800,12200,12300,12600,13200,13600,13900,14200,14900,15700,16400,16700,17500,18000,18100,18700,19800,21100,22500,23700,24900,26100,28100,29900,32400,34700,36800,38600,39900,41700,43800,45600,46300,47300,48200,49200,50962,53052,54459,55481,56072,56630,56644,57026,56947,57601,58479,60046,61005,61981,62633,63107,63792,63986,64370,64396,65981.0,66259.0,67017.0,67300.0,67677.0,66931.0,66945.0,67963.0,68358.0,68114.0,67637,67572,67391
Lassen,14479,18900,18800,18300,18300,18000,17900,17700,17300,16200,14800,14100,13800,13900,13600,14300,14700,15400,15700,16000,16300,16500,16600,16600,16900,16800,17500,17600,18300,18800,18600,19300,19900,21200,21800,22600,23500,23700,24100,24300,24900,26500,27200,26900,27693,28217,28418,28743,28694,28891,32298,34029,33514,33654,33871,33650,33603,34053,34574,34528,35011,35749,35120,34773,34878.0,34813.0,33533.0,33040.0,32725.0,31697.0,32309.0,32655.0,32936.0,32857.0,31719,30851,29387
Los Angeles,2785643,3854100,3954000,4061300,4168400,4300900,4511100,4745300,4984800,5178200,5393500,5613200,5787300,5927800,6071900,6255200,6418700,6582600,6715000,6814600,6865100,6918700,6952800,6994700,7055800,7092000,7072100,7083800,7124500,7191300,7243400,7258200,7338600,7389600,7500300,7607100,7766300,7921900,8044400,8190900,8373100,8527400,8639400,8768700,8860281,8955322,9060246,9083691,9106489,9101122,9108050,9185584,9265811,9394293,9543983,9635795,9722444,9791022,9822508,9809557,9787327,9773894,9796812,9805233,9842625.0,9893861.0,9970512.0,10012612.0,10052498.0,10083826.0,10099858.0,10114636.0,10100671.0,10063851.0,10013543,9905214,9792167
Madera,23314,35200,36000,36500,36800,36800,37400,37800,38000,38100,38200,39000,40300,40800,40700,40800,40800,40700,41000,41300,41000,41500,41100,41200,41700,43200,44400,45300,47400,48700,50000,53300,56300,60300,63900,67100,68900,71000,72800,74800,76000,78600,81300,83000,88506,95256,99797,104833,107697,109941,113395,117320,118947,121669,124265,126456,128484,132814,136488,139868,143528,146806,149114,150151,150123.0,151338.0,150285.0,151234.0,152611.0,152897.0,153136.0,154238.0,155476.0,155291.0,156141,156860,157382
Marin,52907,79700,78100,82600,87700,92500,95200,99700,105400,111100,118500,126900,134300,141700,148800,154300,162100,170900,177400,184000,191600,198500,202900,207600,207000,211000,212400,215200,214200,219500,221300,223900,223900,222900,222700,223400,222600,222600,221200,220200,221400,221800,223000,227000,229887,233078,235668,237006,237695,238409,237880,241350,242589,244931,247424,247731,247382,247280,246684,246686,247247,248802,250288,251230,252750.0,255411.0,257455.0,260645.0,263335.0,263964.0,265181.0,264753.0,264944.0,263917.0,261227,258385,254590
Mariposa,5605,5000,5200,5200,5100,4900,4700,4700,4900,4800,4700,4900,4900,5100,5100,5300,5100,5300,5500,5700,5700,5900,5800,5900,6100,6500,7000,7500,8000,8400,8800,9300,9800,10600,11200,11500,11700,11900,12200,12500,12700,12900,13300,13600,14422,15026,15620,16061,16318,16450,16574,16719,16879,16945,17056,17269,17461,17764,17872,18057,18244,18376,18385,18281,18228.0,18157.0,18072.0,17937.0,17848.0,17732.0,17644.0,17502.0,17345.0,17213.0,17124,17016,16970
Mendocino,27864,34800,37600,39400,41300,43400,44700,46200,47500,49600,50800,50500,49800,50500,51000,50200,49600,49700,49400,47100,49600,49500,49900,50100,51300,52400,53300,55700,57300,58000,59300,61300,63200,65200,67000,68500,69800,70800,71800,73400,74500,75600,76800,78500,80574,81847,82372,83009,83354,83753,84291,85322,85223,85800,86506,87140,87507,88017,88239,88016,87584,87646,87782,87569,87856.0,87826.0,88936.0,89346.0,90108.0,90198.0,91021.0,91609.0,91726.0,91727.0,91074,90445,89530
Merced,46988,60700,62300,65500,70800,72100,74300,75000,76600,78900,81100,83900,87100,89300,90900,93200,95500,97700,100500,102500,103200,103000,102800,102900,105000,108500,110500,113200,117200,118900,122200,125500,128700,131600,135500,139800,143000,148000,152100,157000,159500,162900,167800,172000,179400,186239,190322,194769,198458,199020,198115,202021,204325,207457,211109,217319,222733,229182,235549,240600,245555,249538,251932,254123,256705.0,259700.0,262303.0,263324.0,265556.0,267099.0,268701.0,272610.0,274871.0,278157.0,280909,281750,285593
Modoc,8713,9100,9600,9400,9600,9500,9400,9400,9300,9100,9000,8800,8700,8400,8300,8100,8000,8000,8100,8000,7800,7800,7600,7500,7500,7700,7800,7800,8000,7900,7900,8200,8200,8400,8700,9000,9200,9400,9500,9400,9200,9200,9200,9400,9685,9773,9941,9976,10045,9983,9925,10030,9640,9437,9510,9434,9400,9511,9602,9588,9639,9590,9623,9632,9713.0,9479.0,9341.0,9049.0,8959.0,8952.0,8795.0,8691.0,8755.0,8709.0,8703,8579,8640
Mono,2299,1700,2100,2000,2100,2200,2100,1900,1800,2000,2000,2000,1900,2400,2500,2600,2700,3000,3100,3300,3500,3600,3600,4000,4100,4800,5700,6500,7000,7200,7200,7400,7600,8200,8700,8900,9300,9200,8800,8800,8800,8900,9100,9300,10078,10246,10498,11039,11432,11400,11696,11875,12107,12604,12855,13213,13383,13574,13726,13799,14151,14212,14073,14075,14011.0,14243.0,13982.0,13724.0,13717.0,13548.0,13389.0,13355.0,13222.0,13227.0,13310,13258,13159
Monterey,73032,117200,120600,125500,133500,171600,177400,178800,156900,161400,175900,185400,192000,190500,195300,199300,204300,210300,216900,216500,227200,227600,241000,244800,247800,252900,256300,261200,265500,270900,271400,279600,281100,286500,292100,299900,306600,314400,321700,327400,333700,338400,343000,346600,356797,365677,372322,372720,359936,360350,360749,379344,386441,394653,402854,406264,408599,411941,411121,407974,405877,407896,410877,413590,415956.0,420251.0,424445.0,426355.0,428633.0,433478.0,437116.0,438011.0,439618.0,440874.0,439227,437644,434281
Napa,28503,43400,44400,45200,46600,47500,48700,51000,53600,56400,58900,60800,62700,64300,66400,67300,68600,70500,71300,72400,73100,75100,76100,77900,79400,81200,83900,86100,88900,90600,92900,95200,97400,98400,99300,99900,101300,101700,102000,102900,104100,104800,106100,108100,111017,112467,114447,115713,116365,117269,118209,120051,121037,122788,124601,126188,127942,129422,130204,130740,131920,133155,134786,135664,136568.0,137468.0,138859.0,139378.0,140461.0,140955.0,141089.0,140299.0,139558.0,138965.0,138445,137386,135541
Nevada,19283,20900,21300,20400,19800,19300,19100,19400,19500,19500,19400,19600,20000,20400,21200,21900,22800,23700,24700,25500,25900,24800,25000,25700,26500,27100,28800,30500,32300,34100,36900,40400,44500,48200,52500,56000,58800,60400,62300,64700,67100,69900,72800,75300,79019,82094,83509,84864,85796,87059,88128,89353,90306,90860,91872,93515,94580,95974,97107,97802,98334,98480,98680,98432,98834.0,99222.0,99264.0,99393.0,100370.0,100456.0,100919.0,101384.0,101920.0,102298.0,102184,102221,100788
Orange,130760,195100,200500,209000,219900,234800,256700,281000,312700,366900,440900,516000,578200,643500,719500,796000,868800,967400,1051400,1141900,1207500,1272200,1326800,1388600,1431900,1486300,1534900,1601800,1669700,1713400,1752100,1811000,1854300,1896400,1944800,2003900,2043500,2086000,2119100,2166300,2218400,2268300,2316500,2372400,2411976,2458797,2511752,2550418,2575726,2604532,2646105,2699584,2749564,2802818,2853893,2889908,2914438,2939719,2956482,2957151,2955433,2965823,2982788,2998816,3016922.0,3053035.0,3087846.0,3112757.0,3135170.0,3155895.0,3170359.0,3188158.0,3193464.0,3191365.0,3187189,3163851,3149004
Placer,28108,38600,39000,40000,41600,42000,43200,44400,45600,46700,48300,50200,52300,54900,57500,59000,61600,65100,69100,72100,73700,74100,74800,76100,78000,79700,82000,85300,89000,91300,95100,100700,107300,113500,118400,123000,127100,129800,134100,138800,144200,150600,157400,164600,174905,183630,190810,197214,202786,211555,218502,226101,233298,243339,251731,264925,276817,290655,302815,312630,322270,329719,337914,344088,350872.0,357478.0,362839.0,368023.0,372407.0,376215.0,382010.0,388773.0,395677.0,401671.0,405937,409189,410310
Plumas,11548,11600,12700,13700,13400,13000,13300,13000,12600,12200,12100,11900,11900,11600,11600,11600,11600,12100,12400,12400,12300,12100,12000,11700,11700,12000,12600,13400,13800,14100,14300,15100,15700,16700,17400,17800,18200,18000,18100,18600,18700,19000,19300,19300,19779,20166,20764,20913,20810,20823,20726,21004,20829,20756,20653,20706,20695,20747,20899,20859,20710,20596,20368,20063,19985.0,19951.0,19914.0,19817.0,19776.0,19701.0,19672.0,19642.0,19575.0,19807.0,19847,19720,19252
Riverside,105524,161400,166600,167400,172100,179000,189700,204600,217200,230200,245200,262600,280000,295700,311700,323600,336900,358000,379300,401700,419600,427200,435900,450000,461600,477900,490100,504400,520000,534500,550800,578900,611600,639000,669800,696700,725600,755300,793200,836400,888600,949700,1018000,1096500,1188265,1254676,1296463,1328314,1352163,1378805,1404942,1436278,1466539,1514602,1557271,1622454,1688407,1772427,1856879,1934723,2017350,2082656,2122920,2158399,2197839.0,2228172.0,2249295.0,2268362.0,2291648.0,2313162.0,2337698.0,2361995.0,2383773.0,2400535.0,2422134,2431238,2437925
Sacramento,170333,234100,250000,262700,283700,298600,320800,338600,353800,374300,396900,419400,444800,475400,510300,537800,559100,585100,601700,611800,615800,624200,622600,624800,636700,651900,663900,674200,683000,691600,709600,727000,744800,766500,787900,806700,832200,852900,869800,890700,918200,951400,981700,1011800,1046870,1080078,1096607,1111097,1116418,1120733,1134687,1149127,1165767,1204658,1230501,1265767,1293483,1320963,1342899,1358168,1372275,1388086,1400939,1411403,1423634.0,1439148.0,1453048.0,1465450.0,1485006.0,1502821.0,1520401.0,1536517.0,1554668.0,1570918.0,1586796,1583084,1573364
San Benito,11392,15300,15100,14000,14200,13800,13900,14000,14500,14700,14900,15200,15300,15200,15500,15900,15900,15900,16300,16600,17100,17400,17700,18000,18400,19000,19500,20000,20500,21400,22000,23000,23800,24400,25200,25800,26700,27500,28600,29900,31400,32700,34100,35900,36911,37907,39864,41027,42278,44347,46031,48469,50205,52185,53635,54696,55199,55458,55287,55153,54895,55000,55043,55093,55563.0,56264.0,57055.0,57730.0,58515.0,59220.0,60087.0,60733.0,61848.0,63282.0,64432,65170,65804
San Bernardino,161108,260400,266300,274500,284200,303800,319500,342400,374000,394000,419800,450800,475900,495800,509000,523700,541400,567000,591200,616000,625000,642800,654600,670400,685300,692200,693400,692000,691100,696800,729700,762000,811800,853300,902200,931800,964000,993500,1023500,1065600,1120800,1189800,1269500,1353000,1432148,1496611,1536458,1556663,1567716,1580776,1601630,1626289,1650580,1683843,1719190,1763780,1800849,1850075,1900210,1942734,1976767,2002651,2016526,2022319,2044954.0,2066286.0,2076903.0,2088642.0,2104497.0,2119575.0,2132121.0,2147291.0,2160036.0,2174437.0,2185997,2186572,2182824
San Diego,289348,519900,528100,546100,560400,683900,743800,767200,759000,815600,855800,891000,938500,1000800,1049000,1079000,1106800,1122800,1137800,1147500,1190200,1230300,1281100,1335800,1367200,1382500,1429100,1480800,1521400,1594100,1654300,1711300,1773200,1831300,1873300,1921800,1965100,2003500,2055700,2109300,2182900,2260700,2341000,2432800,2504897,2554581,2590242,2597876,2610989,2615201,2627023,2679967,2725718,2776342,2828374,2870096,2910445,2943961,2963390,2970135,2982816,3014165,3051262,3077633,3103511.0,3135440.0,3169100.0,3197269.0,3228488.0,3248371.0,3263517.0,3276113.0,3293350.0,3294272.0,3301513,3284368,3279493
San Francisco,634536,775900,772200,771800,772000,779700,772500,765200,757500,740200,734900,735100,744600,743400,741500,747200,752800,748900,753000,739800,733800,732300,728000,719900,713200,712500,705700,704800,699800,695400,689600,683700,681900,678100,680500,686800,695200,704200,713000,727500,737500,735900,730100,724500,723187,725869,731042,742234,743343,739863,744072,749406,758210,766471,778942,782223,783255,781870,780699,779655,782928,791334,798673,801799,809945.0,819178.0,831468.0,840311.0,848474.0,857037.0,863546.0,868879.0,872338.0,872205.0,870130,838402,834046
San Joaquin,134207,191000,191800,196600,201400,206900,215500,220700,223800,226100,230800,237700,242100,246000,251700,257000,260900,268200,270600,274000,279800,282800,284200,286800,292100,293100,296400,296100,298800,299400,305400,315700,326900,336800,350200,362000,374100,386700,399800,417200,433700,448800,461400,471500,481939,493965,503273,508328,513779,522089,528655,536476,543745,554706,567753,588581,603544,621108,638522,651625,660885,669737,675248,680421,688585.0,695749.0,701991.0,707552.0,718498.0,729411.0,739814.0,750306.0,759753.0,771083.0,780207,782894,784420
San Luis Obispo,33246,50000,50200,50500,52000,62500,66000,67800,61300,63100,64800,67700,73100,78900,81900,85600,90300,92700,94000,95400,97900,99100,101200,103700,106600,110800,114300,120100,127400,130700,134700,140400,145900,151200,156600,161800,166200,170800,176700,184200,190700,197100,201400,210500,217808,220815,223079,225975,228099,230223,233534,237858,240433,243726,247724,251652,253549,255609,258483,259943,261803,264162,266850,268224,269604.0,271693.0,274697.0,276018.0,278887.0,279800.0,281681.0,282103.0,282952.0,282617.0,282639,278600,279760
San Mateo,111782,185800,201600,223500,239100,258200,277600,297400,319200,345100,370100,392700,413100,432800,449100,464300,479900,489700,503100,514000,525700,540000,552900,557100,557100,560200,561800,567100,573900,582000,579500,583000,582900,585900,588100,591000,594500,604500,611200,617300,619400,625700,633700,642600,648162,653943,661990,666787,670632,675919,679929,690377,695780,700830,708384,707460,704897,703062,701401,699277,699398,704272,711374,716264,721169.0,729569.0,740804.0,748241.0,755016.0,761484.0,764070.0,765601.0,766711.0,766312.0,760725,747900,739819
Santa Barbara,70555,92400,93900,96200,98000,100900,103300,104300,107200,110200,112800,119300,130700,149400,173600,187900,206900,221700,229000,238800,243200,247800,251900,259100,265800,269800,271200,274800,279600,281100,288900,290600,293300,295700,300000,306100,313500,322800,329200,338200,345100,351200,354600,364700,368953,374833,378511,378413,381033,383717,384878,390515,392029,394936,399874,403442,406132,409512,411190,411683,412853,416648,419970,422423,424045.0,425671.0,430232.0,434421.0,438421.0,442188.0,444277.0,445801.0,447666.0,448815.0,448484,439322,443210
Santa Clara,174949,251400,259900,277400,296600,316000,337600,360900,391200,428000,470000,513700,554200,601600,658700,708100,761000,816500,860100,903200,935100,977900,998600,1041200,1072600,1095500,1118100,1142800,1160000,1180300,1214800,1232500,1253600,1275100,1300200,1322400,1341600,1369000,1389100,1410500,1419600,1433800,1456600,1485400,1495296,1508050,1530221,1553928,1562976,1573477,1599332,1626163,1650414,1665590,1687415,1693171,1693162,1694211,1696919,1699521,1713839,1736327,1759534,1774890,1790845.0,1815327.0,1842698.0,1867932.0,1891328.0,1914457.0,1925914.0,1932947.0,1937985.0,1936521.0,1925225,1899154,1882601
Santa Cruz,45057,63000,63700,65100,66300,65700,66200,67600,70300,72800,75000,77200,79400,83700,85100,87800,91400,95100,98900,103900,107900,112000,117800,121000,124500,131000,139500,145900,150800,156100,165900,173200,179300,183800,189100,193000,196100,200100,203400,208500,212900,217200,221000,227700,229329,231258,233912,236240,238579,241202,243398,246950,249893,253241,255869,256166,255590,255122,254836,254725,255486,257601,259873,261912,262828.0,265932.0,268525.0,271320.0,272386.0,274762.0,275452.0,274739.0,273527.0,272182.0,271326,263445,264883
Shasta,28800,31500,33000,35300,36800,38200,39600,41800,44300,46400,49400,52500,55200,57400,60400,62600,65000,68000,71200,73800,76000,76700,76700,76300,78000,80600,82700,86600,90400,92400,94800,100900,107200,112900,116600,120500,121800,123200,125800,129100,131200,134200,138200,141800,147966,153776,156477,158079,159036,159742,160033,161212,161921,162154,164150,167034,169578,171987,173469,174254,175238,175849,176629,176881,177488.0,178344.0,179341.0,180304.0,181054.0,180812.0,180287.0,181095.0,181472.0,181387.0,182537,181871,180225
Sierra,3025,2000,2200,2300,2500,2500,2400,2400,2500,2400,2200,2200,2200,2200,2200,2200,2200,2400,2400,2400,2500,2400,2400,2400,2400,2500,2600,2700,2800,2800,3000,3000,3100,3100,3100,3100,3200,3200,3200,3200,3200,3200,3300,3200,3318,3326,3364,3483,3495,3560,3605,3598,3637,3548,3618,3587,3564,3545,3467,3430,3424,3344,3284,3243,3236.0,3237.0,3234.0,3230.0,3220.0,3213.0,3220.0,3233.0,3232.0,3233.0,3232,3213,3190
Siskiyou,28598,29100,29900,30200,30600,30400,30400,30900,31400,31700,32100,32000,32100,32600,33000,33400,33600,33600,33900,33800,34500,33900,33200,33200,33200,33500,34100,34700,35100,35400,35600,36700,37700,38800,40000,40700,41200,41100,41200,41500,41100,41300,42000,42800,43629,44048,44238,44736,45041,44999,44560,44889,44455,44241,44382,44275,44384,44597,44785,44945,44891,44862,45041,44950,44859.0,44912.0,44909.0,44820.0,44801.0,44655.0,44554.0,44390.0,44305.0,44193.0,44057,43616,43462
Solano,49118,105100,104500,104000,104400,116000,118300,118600,115400,116000,114700,118700,126600,132600,137100,140000,142900,148400,152800,158300,161200,165500,167600,170300,172500,179200,182300,181300,183800,188000,195600,203400,212600,224400,237200,246100,255000,261600,265600,273300,284800,297800,310400,325200,342464,356397,361948,367313,368744,367701,368534,374227,380021,388640,395991,402968,406816,408929,411389,410570,411351,412636,413167,412488,413197.0,416924.0,420979.0,425587.0,431153.0,435902.0,441224.0,445721.0,449091.0,451701.0,452095,448820,445060
Sonoma,69052,93500,97300,100000,103900,106300,109500,114300,119300,124700,130900,135600,139300,143900,148800,152800,158200,165300,171200,177100,183500,189100,192900,200300,206500,214300,224200,234700,243700,247100,257000,272000,283900,291900,301400,308700,314300,320800,325600,333600,343500,353800,365500,377200,389479,398670,407011,414576,419012,424348,429669,438615,445444,453470,460477,465423,465998,468257,469933,469524,469967,472987,476650,480598,484014.0,487533.0,490398.0,494852.0,498151.0,500553.0,501989.0,501111.0,496869.0,492668.0,488022,483341,480261
Stanislaus,74866,122400,123900,125000,127300,128700,132400,135800,138600,141600,145900,149300,152600,155100,158300,161000,165200,169000,171800,175600,179200,183500,186700,190200,195800,201700,208100,213100,219600,224600,233100,245000,253700,260800,267700,275500,281100,289100,294500,302000,312600,325200,338300,354200,373650,388134,397341,405859,410698,415341,419639,426734,431370,440908,449767,463128,473580,483007,490283,498020,503548,508372,510396,512052,516536.0,519341.0,523837.0,527012.0,530332.0,535436.0,540856.0,546499.0,549544.0,551566.0,553706,551845,548449
Sutter,18680,24900,25500,25200,26100,25900,26100,26300,27000,27700,27400,28000,28500,29100,33700,35100,36500,37500,38200,39100,40400,42900,41900,41700,42100,42900,43500,44800,45400,46400,48000,49000,50300,51700,52600,53900,55300,56900,56800,57800,58600,59900,61200,62400,64814,67518,69685,71476,72931,74167,74979,76420,76891,78034,79202,80240,81936,84108,86092,88106,90628,92502,93465,94372,94844.0,94528.0,94816.0,95909.0,95217.0,95844.0,96517.0,97771.0,99334.0,101046.0,99355,98855,99045
Tehama,14316,17700,17500,18500,19200,18900,19300,19600,20200,20800,21500,22700,23800,24800,25500,26300,26900,27600,28100,28300,28700,28800,29000,29000,29600,30200,30500,31100,32100,32700,33400,34500,35800,37200,39100,40200,41200,42100,43000,44000,44600,45700,46900,48000,49866,51600,52769,53207,53827,54573,54642,55203,55364,55547,55832,56465,57281,58415,59493,60461,61542,62011,62720,63122,63386.0,63251.0,63192.0,63021.0,63161.0,63509.0,63999.0,64141.0,64568.0,65312.0,65706,65204,64756
Trinity,3970,4300,5000,5100,5100,5400,5800,5800,6400,6800,7200,8000,8900,9300,9600,9000,8500,8400,8100,8000,8100,8100,7800,7600,7600,7900,8500,8900,9400,9800,10300,10700,11300,11700,12000,12300,12300,12400,12600,12800,12700,12600,13000,13000,13025,13091,13253,13356,13538,13477,13431,13262,13207,13048,12958,12963,13159,13388,13519,13789,13823,13787,13730,13771,13821.0,13877.0,13987.0,14058.0,14151.0,14228.0,14840.0,15498.0,15754.0,16054.0,16136,16011,15976
Tulare,107152,146600,147600,146800,148400,146500,148500,149300,151100,154800,157300,160200,163500,166300,169400,172200,172400,174200,176000,178700,182000,183800,184400,185000,189400,195200,200500,204800,210300,216400,220500,227200,234000,240300,247400,254000,260200,267600,273800,280600,286600,292700,299200,304000,313115,323847,332167,338719,344244,350848,352969,357261,360065,364256,368805,374152,381194,390370,399913,408403,416092,423608,431471,438408,442343.0,447272.0,451114.0,453765.0,456558.0,459935.0,462223.0,465343.0,467656.0,470619.0,472597,474800,474950
Tuolumne,10887,11800,12400,12700,12600,12700,12800,13000,13300,13700,14800,14600,14200,14500,14500,14900,15600,16000,17000,17800,19400,20300,20800,21600,22300,23000,23800,24700,25200,26600,26900,28700,30800,33000,34200,35300,36300,37300,38100,39900,41700,43900,45400,47000,48703,50428,51083,52222,52581,52220,52591,53330,53953,54115,54587,55326,55910,56442,56369,56452,56558,56133,56060,55258,55313.0,55353.0,54638.0,55321.0,55095.0,55104.0,55162.0,55032.0,55311.0,55316.0,55438,54705,53642
Ventura,69685,104800,106800,110100,115600,124200,129400,135400,143100,149000,156200,165300,176100,188100,203100,218600,235700,258400,283000,311100,328100,341900,352800,368300,381400,394100,406300,417900,428300,440700,459000,476100,494900,510100,532200,544900,559500,572100,584200,596900,611200,627000,645000,662000,669093,676944,686299,693786,700581,705080,710462,721664,729107,742825,756902,768991,779894,789367,795046,796867,801225,805911,812028,818546,825009.0,832547.0,837333.0,842775.0,846966.0,850038.0,850227.0,849979.0,849523.0,845474.0,844618,838630,829764
Yolo,27243,36800,37700,39000,40800,41800,44000,46700,49500,52400,55000,57900,60300,63400,66400,68900,71900,74900,77100,79900,82500,85600,86800,88500,92700,93600,95900,96800,98700,101700,106500,108100,109800,111600,113900,115000,117600,119000,120300,123500,125000,128200,132900,137100,141773,145890,148536,149527,151252,154603,156821,159806,161659,165332,169818,175102,179271,182331,185707,187354,190809,194854,197589,199697,202503.0,202754.0,205138.0,206723.0,207708.0,209893.0,213224.0,215072.0,216474.0,216073.0,218184,215580,222430
Yuba,17034,24300,24700,24700,24300,25800,30100,31200,31700,33200,29500,29000,29900,31800,35100,37500,39800,40200,40200,41500,42600,42500,44700,45100,44400,45300,45300,44800,43800,45200,46700,47600,48700,49300,49800,49900,51100,51700,52300,53100,53600,54600,55800,56700,58581,60125,61333,61654,61957,61895,61614,62049,60776,60223,60334,61426,62738,63962,65249,67712,69218,70221,71422,71796,72408.0,73140.0,73721.0,74137.0,74877.0,75748.0,76782.0,78181.0,79043.0,80250.0,81706,82211,82533
